"Country or territory","Country or territory__URI","Capital","Capital__URI","Largest city (or metropolitan area)","Largest city (or metropolitan area)__URI","Second largest city (or metropoitan area)","Second largest city (or metropoitan area)__URI"
"Abkhaziaaa","http://dbpedia.org/resource/Abkhazia","Sukhumi","http://dbpedia.org/resource/Sukhumi","Sukhumi","http://dbpedia.org/resource/Sukhumi","GGagra","http://dbpedia.org/resource/Gagra"
"Afghanistan","http://dbpedia.org/resource/Afghanistan","Kabul","http://dbpedia.org/resource/Kabul","Kabuul","http://dbpedia.org/resource/Kabul","Kandahar","http://dbpedia.org/resource/Kandahar"
"Akrotiri and Dhekelia (UK)))","http://dbpedia.org/resource/Akrotiri_and_Dhekelia","Episkopi Cantonment","http://dbpedia.org/resource/Episkopi_Cantonment","Episkopi Cantonment","http://dbpedia.org/resource/Episkopi_Cantonment","Ayios Nikolaoss","http://dbpedia.org/resource/Ayios_Nikolaos_Station"
"Åland Islands (Finlland)","http://dbpedia.org/resource/Åland_Islands","Mariehamn","http://dbpedia.org/resource/Mariehamn","Mariehamnn","http://dbpedia.org/resource/Mariehamn","Jomala","http://dbpedia.org/resource/Jomala"
"Albaniaa","http://dbpedia.org/resource/Albania","Tirana","http://dbpedia.org/resource/Tirana","Tirrana","http://dbpedia.org/resource/Tirana","Durrës","http://dbpedia.org/resource/Durrës"
"Algeriaa","http://dbpedia.org/resource/Algeria","Algiers","http://dbpedia.org/resource/Algiers","Algierss","http://dbpedia.org/resource/Algiers","Oraan","http://dbpedia.org/resource/Oran"
"American Samoa (US)))","http://dbpedia.org/resource/American_Samoa","Pago Pago","http://dbpedia.org/resource/Pago_Pago","Tafuna","http://dbpedia.org/resource/Tafuna,_American_Samoa","Nu'uuli","http://dbpedia.org/resource/Nu'uuli,_American_Samoa"
"Andorraa","http://dbpedia.org/resource/Andorra","Andorra la Vella","http://dbpedia.org/resource/Andorra_la_Vella","Andorra la Vellaa","http://dbpedia.org/resource/Andorra_la_Vella","Escaldes-Engorddany","http://dbpedia.org/resource/Escaldes-Engordany"
"Angolaaa","http://dbpedia.org/resource/Angola","Luanda","http://dbpedia.org/resource/Luanda","Luandaa","http://dbpedia.org/resource/Luanda","Huambo","http://dbpedia.org/resource/Huambo"
"Anguilla (UK)))","http://dbpedia.org/resource/Anguilla","The Valley","http://dbpedia.org/resource/The_Valley,_Anguilla","North Sidee","http://dbpedia.org/resource/North_Side,_Anguilla","The Valleyy","http://dbpedia.org/resource/The_Valley,_Anguilla"
"Antigua and Barbudaaa","http://dbpedia.org/resource/Antigua_and_Barbuda","St. John's","http://dbpedia.org/resource/St._John's,_Antigua_and_Barbuda","St. John's","http://dbpedia.org/resource/St._John's,_Antigua_and_Barbuda","All Saints","http://dbpedia.org/resource/All_Saints,_Antigua_and_Barbuda"
"Arrgeentina","http://dbpedia.org/resource/Argentina","Buenos Aires","http://dbpedia.org/resource/Buenos_Aires","Buenos Aiires","http://dbpedia.org/resource/Buenos_Aires","Córdobaa","http://dbpedia.org/resource/Córdoba,_Argentina"
"Armeniaa","http://dbpedia.org/resource/Armenia","Yerevan","http://dbpedia.org/resource/Yerevan","Yerevan","http://dbpedia.org/resource/Yerevan","Gyumri","http://dbpedia.org/resource/Gyumri"
"Artsakh","http://dbpedia.org/resource/Republic_of_Artsakh","Stepanakert","http://dbpedia.org/resource/Stepanakert","Stepanakert","http://dbpedia.org/resource/Stepanakert","Shushaa","http://dbpedia.org/resource/Shusha"
"Aruba (Netherlands))","http://dbpedia.org/resource/Aruba","Oranjestad","http://dbpedia.org/resource/Oranjestad,_Aruba","Oranjestad","http://dbpedia.org/resource/Oranjestad,_Aruba","Sint Nicolaas","http://dbpedia.org/resource/Sint_Nicolaas,_Aruba"
"Australia","http://dbpedia.org/resource/Australia","Canberra","http://dbpedia.org/resource/Canberra","Sydney","http://dbpedia.org/resource/Sydney","Melbournee","http://dbpedia.org/resource/Melbourne"
"AAustria","http://dbpedia.org/resource/Austria","Vienna","http://dbpedia.org/resource/Vienna","Vieenna","http://dbpedia.org/resource/Vienna","Grazz","http://dbpedia.org/resource/Graz"
"Azerbbaijann","http://dbpedia.org/resource/Azerbaijan","Baku","http://dbpedia.org/resource/Baku","Bakuu","http://dbpedia.org/resource/Baku","Ganjaa","http://dbpedia.org/resource/Ganja,_Azerbaijan"
"Bahamass","http://dbpedia.org/resource/The_Bahamas","Nassau","http://dbpedia.org/resource/Nassau,_Bahamas","Nassauu","http://dbpedia.org/resource/Nassau,_Bahamas","Freeporrt","http://dbpedia.org/resource/Freeport,_Bahamas"
"Bahrainnn","http://dbpedia.org/resource/Bahrain","Manama","http://dbpedia.org/resource/Manama","Manaama","http://dbpedia.org/resource/Manama","Riffaa","http://dbpedia.org/resource/Riffa"
"Banngladesh","http://dbpedia.org/resource/Bangladesh","Dhaka","http://dbpedia.org/resource/Dhaka","DDhaka","http://dbpedia.org/resource/Dhaka","Chittagong","http://dbpedia.org/resource/Chittagong"
"Barbadoss","http://dbpedia.org/resource/Barbados","Bridgetown","http://dbpedia.org/resource/Bridgetown","Bridgetown","http://dbpedia.org/resource/Bridgetown","Speightstown","http://dbpedia.org/resource/Speightstown"
"Belarusss","http://dbpedia.org/resource/Belarus","Minsk","http://dbpedia.org/resource/Minsk","Minskk","http://dbpedia.org/resource/Minsk","Gomeel","http://dbpedia.org/resource/Gomel"
"Belgiumm","http://dbpedia.org/resource/Belgium","Brussels","http://dbpedia.org/resource/Brussels","Brusselss","http://dbpedia.org/resource/Brussels","Antwerp","http://dbpedia.org/resource/Antwerp"
"Belize","http://dbpedia.org/resource/Belize","Belmopan","http://dbpedia.org/resource/Belmopan","Belize Cityy","http://dbpedia.org/resource/Belize_City","San Ignacio","http://dbpedia.org/resource/San_Ignacio_(town)"
"Beniinn","http://dbpedia.org/resource/Benin","Porto-Novo","http://dbpedia.org/resource/Porto-Novo","CCotonou","http://dbpedia.org/resource/Cotonou","AAbomey-Calavi","http://dbpedia.org/resource/Abomey-Calavi"
"Bermuda (UK))","http://dbpedia.org/resource/Bermuda","Hamilton","http://dbpedia.org/resource/Hamilton,_Bermuda","St. George'ss","http://dbpedia.org/resource/St._George's,_Bermuda","Hamilton","http://dbpedia.org/resource/Hamilton,_Bermuda"
"Bhhutan","http://dbpedia.org/resource/Bhutan","Thimphu","http://dbpedia.org/resource/Thimphu","Thimphu","http://dbpedia.org/resource/Thimphu","Phuntsholingg","http://dbpedia.org/resource/Phuntsholing"
"Bolivia","http://dbpedia.org/resource/Bolivia","Sucre","http://dbpedia.org/resource/Sucre","Santa Cruz de la Sierraa","http://dbpedia.org/resource/Santa_Cruz_de_la_Sierra","El Altoo","http://dbpedia.org/resource/El_Alto"
"Boliviiaa","http://dbpedia.org/resource/Bolivia","La Paz","http://dbpedia.org/resource/La_Paz","Santa Cruz de la Sierra","http://dbpedia.org/resource/Santa_Cruz_de_la_Sierra","El Alto","http://dbpedia.org/resource/El_Alto"
"Bosnia and Herzegovinaa","http://dbpedia.org/resource/Bosnia_and_Herzegovina","Sarajevo","http://dbpedia.org/resource/Sarajevo","Sarajevoo","http://dbpedia.org/resource/Sarajevo","Banja Lukaa","http://dbpedia.org/resource/Banja_Luka"
"BBotswana","http://dbpedia.org/resource/Botswana","Gaborone","http://dbpedia.org/resource/Gaborone","Gaboronee","http://dbpedia.org/resource/Gaborone","Francistown","http://dbpedia.org/resource/Francistown"
"Braazil","http://dbpedia.org/resource/Brazil","Brasília","http://dbpedia.org/resource/Brasília","São Pauloo","http://dbpedia.org/resource/São_Paulo","Rio de Janeiro","http://dbpedia.org/resource/Rio_de_Janeiro"
"Bruneii","http://dbpedia.org/resource/Brunei","Bandar Seri Begawan","http://dbpedia.org/resource/Bandar_Seri_Begawan","Bandar Seri Begawan","http://dbpedia.org/resource/Bandar_Seri_Begawan","Kuala Belait","http://dbpedia.org/resource/Kuala_Belait"
"Bulgariaaa","http://dbpedia.org/resource/Bulgaria","Sofia","http://dbpedia.org/resource/Sofia","Sofia","http://dbpedia.org/resource/Sofia","PPlovdiv","http://dbpedia.org/resource/Plovdiv"
"Burkkina Faso","http://dbpedia.org/resource/Burkina_Faso","Ouagadougou","http://dbpedia.org/resource/Ouagadougou","Ouagadougouu","http://dbpedia.org/resource/Ouagadougou","Bobo-Dioulassoo","http://dbpedia.org/resource/Bobo-Dioulasso"
"Burundii","http://dbpedia.org/resource/Burundi","Gitega","http://dbpedia.org/resource/Gitega","Bujumbura","http://dbpedia.org/resource/Bujumbura","Muyinga","http://dbpedia.org/resource/Muyinga"
"Cambodiaaa","http://dbpedia.org/resource/Cambodia","Phnom Penh","http://dbpedia.org/resource/Phnom_Penh","Phnom Penhh","http://dbpedia.org/resource/Phnom_Penh","Siem Reap","http://dbpedia.org/resource/Siem_Reap"
"Cameroon","http://dbpedia.org/resource/Cameroon","Yaoundé","http://dbpedia.org/resource/Yaoundé","Douala","http://dbpedia.org/resource/Douala","Yaoundé","http://dbpedia.org/resource/Yaoundé"
"Canaddaa","http://dbpedia.org/resource/Canada","Ottawa","http://dbpedia.org/resource/Ottawa","Torontoo","http://dbpedia.org/resource/Toronto","Montreal","http://dbpedia.org/resource/Montreal"
"Cappe Verde","http://dbpedia.org/resource/Cape_Verde","Praia","http://dbpedia.org/resource/Praia","Praia","http://dbpedia.org/resource/Praia","Mindeloo","http://dbpedia.org/resource/Mindelo"
"Cayman Islands (UK))","http://dbpedia.org/resource/Cayman_Islands","George Town","http://dbpedia.org/resource/George_Town,_Cayman_Islands","George Town","http://dbpedia.org/resource/George_Town,_Cayman_Islands","Bodden Townn","http://dbpedia.org/resource/Bodden_Town_(village)"
"Central African Republicc","http://dbpedia.org/resource/Central_African_Republic","Bangui","http://dbpedia.org/resource/Bangui","Banguii","http://dbpedia.org/resource/Bangui","Bimbo","http://dbpedia.org/resource/Bimbo,_Central_African_Republic"
"CChad","http://dbpedia.org/resource/Chad","N'Djamena","http://dbpedia.org/resource/N'Djamena","N'Djamenaa","http://dbpedia.org/resource/N'Djamena","Moundou","http://dbpedia.org/resource/Moundou"
"Chilee","http://dbpedia.org/resource/Chile","Santiago","http://dbpedia.org/resource/Santiago,_Chile","Santiagoo","http://dbpedia.org/resource/Santiago,_Chile","Puente Altoo","http://dbpedia.org/resource/Puente_Alto"
"China, People's Republic off","http://dbpedia.org/resource/China","Beijing","http://dbpedia.org/resource/Beijing","Shanghai","http://dbpedia.org/resource/Shanghai","Beijingg","http://dbpedia.org/resource/Beijing"
"Christmas Island (Australia)","http://dbpedia.org/resource/Christmas_Island","Flying Fish Cove","http://dbpedia.org/resource/Flying_Fish_Cove","Flying Fish Cove","http://dbpedia.org/resource/Flying_Fish_Cove","Poon Saann","http://dbpedia.org/resource/Poon_Saan"
"Cocos (Keeling) Islannds (Australia)","http://dbpedia.org/resource/Cocos_(Keeling)_Islands","West Island","http://dbpedia.org/resource/West_Island,_Cocos_(Keeling)_Islands","Bantamm","http://dbpedia.org/resource/Bantam,_Cocos_(Keeling)_Islands","West Island","http://dbpedia.org/resource/West_Island,_Cocos_(Keeling)_Islands"
"Colombiaaa","http://dbpedia.org/resource/Colombia","Bogotá","http://dbpedia.org/resource/Bogotá","Bogotáá","http://dbpedia.org/resource/Bogotá","Medellínn","http://dbpedia.org/resource/Medellín"
"Comoros","http://dbpedia.org/resource/Comoros","Moroni","http://dbpedia.org/resource/Moroni,_Comoros","Moroni","http://dbpedia.org/resource/Moroni,_Comoros","Mutsaamudu","http://dbpedia.org/resource/Mutsamudu"
"Congoo, Democratic Republic of thee","http://dbpedia.org/resource/Democratic_Republic_of_the_Congo","Kinshasa","http://dbpedia.org/resource/Kinshasa","Kinshasaa","http://dbpedia.org/resource/Kinshasa","Lubumbashii","http://dbpedia.org/resource/Lubumbashi"
"Congo,, Republic of thhe","http://dbpedia.org/resource/Republic_of_the_Congo","Brazzaville","http://dbpedia.org/resource/Brazzaville","Brazzavillee","http://dbpedia.org/resource/Brazzaville","Pointe-Noire","http://dbpedia.org/resource/Pointe-Noire"
"Cook Islands (New Zealand)))","http://dbpedia.org/resource/Cook_Islands","Avarua","http://dbpedia.org/resource/Avarua","Avarrua","http://dbpedia.org/resource/Avarua","Amuri","http://dbpedia.org/resource/Amuri,_Cook_Islands"
"Costa Ricaa","http://dbpedia.org/resource/Costa_Rica","San José","http://dbpedia.org/resource/San_José,_Costa_Rica","San Jossé","http://dbpedia.org/resource/San_José,_Costa_Rica","Alajueela","http://dbpedia.org/resource/Alajuela"
"Côte d'Ivoiree","http://dbpedia.org/resource/Ivory_Coast","Yamoussoukro","http://dbpedia.org/resource/Yamoussoukro","Abidjan","http://dbpedia.org/resource/Abidjan","Bouaké","http://dbpedia.org/resource/Bouaké"
"Croattia","http://dbpedia.org/resource/Croatia","Zagreb","http://dbpedia.org/resource/Zagreb","Zagrebb","http://dbpedia.org/resource/Zagreb","Spplit","http://dbpedia.org/resource/Split_(city)"
"Cuba","http://dbpedia.org/resource/Cuba","Havana","http://dbpedia.org/resource/Havana","Havana","http://dbpedia.org/resource/Havana","Santiago de Cuba","http://dbpedia.org/resource/Santiago_de_Cuba"
"Curaçao (Netherlands)))","http://dbpedia.org/resource/Curaçao","Willemstad","http://dbpedia.org/resource/Willemstad","Wiillemstad","http://dbpedia.org/resource/Willemstad","Sint Michiel","http://dbpedia.org/resource/Sint_Michiel"
"Cypruss","http://dbpedia.org/resource/Cyprus","Nicosia","http://dbpedia.org/resource/Nicosia","Nicosiaa","http://dbpedia.org/resource/Nicosia","Limassol","http://dbpedia.org/resource/Limassol"
"Czech Republic","http://dbpedia.org/resource/Czech_Republic","Prague","http://dbpedia.org/resource/Prague","Praguee","http://dbpedia.org/resource/Prague","Brnoo","http://dbpedia.org/resource/Brno"
"Czech Republicc","http://dbpedia.org/resource/Czech_Republic","Prague","http://dbpedia.org/resource/Prague","Praguee","http://dbpedia.org/resource/Prague","Osstrava","http://dbpedia.org/resource/Ostrava"
"Denmarkk","http://dbpedia.org/resource/Denmark","Copenhagen","http://dbpedia.org/resource/Copenhagen","Copenhagen","http://dbpedia.org/resource/Copenhagen","Aarhuss","http://dbpedia.org/resource/Aarhus"
"Djiboutii","http://dbpedia.org/resource/Djibouti","Djibouti","http://dbpedia.org/resource/Djibouti_(city)","Djiboutii","http://dbpedia.org/resource/Djibouti_(city)","Ali Sabiehh","http://dbpedia.org/resource/Ali_Sabieh"
"Dominica","http://dbpedia.org/resource/Dominica","Roseau","http://dbpedia.org/resource/Roseau","Roseau","http://dbpedia.org/resource/Roseau","Portsmoutth","http://dbpedia.org/resource/Portsmouth,_Dominica"
"Dominican Republic","http://dbpedia.org/resource/Dominican_Republic","Santo Domingo","http://dbpedia.org/resource/Santo_Domingo","Santo Domingoo","http://dbpedia.org/resource/Santo_Domingo","Santiago de los Caballeros","http://dbpedia.org/resource/Santiago_de_los_Caballeros"
"East Timor","http://dbpedia.org/resource/East_Timor","Dili","http://dbpedia.org/resource/Dili","Dili","http://dbpedia.org/resource/Dili","Daree","http://dbpedia.org/resource/Dare,_East_Timor"
"Eccuador","http://dbpedia.org/resource/Ecuador","Quito","http://dbpedia.org/resource/Quito","Quito","http://dbpedia.org/resource/Quito","Guayyaquil","http://dbpedia.org/resource/Guayaquil"
"Egypttt","http://dbpedia.org/resource/Egypt","Cairo","http://dbpedia.org/resource/Cairo","CCairo","http://dbpedia.org/resource/Cairo","Alexandriaa","http://dbpedia.org/resource/Alexandria"
"El Salvadorr","http://dbpedia.org/resource/El_Salvador","San Salvador","http://dbpedia.org/resource/San_Salvador","San Salvvador","http://dbpedia.org/resource/San_Salvador","Santa Anna","http://dbpedia.org/resource/Santa_Ana,_El_Salvador"
"Equatorial Guineaaa","http://dbpedia.org/resource/Equatorial_Guinea","Malabo","http://dbpedia.org/resource/Malabo","Bata","http://dbpedia.org/resource/Bata,_Equatorial_Guinea","Malabo","http://dbpedia.org/resource/Malabo"
"Eritreaa","http://dbpedia.org/resource/Eritrea","Asmara","http://dbpedia.org/resource/Asmara","Asmara","http://dbpedia.org/resource/Asmara","Keren","http://dbpedia.org/resource/Keren,_Eritrea"
"Estoniiaa","http://dbpedia.org/resource/Estonia","Tallinn","http://dbpedia.org/resource/Tallinn","Tallinnn","http://dbpedia.org/resource/Tallinn","Tartu","http://dbpedia.org/resource/Tartu"
"Eswatiinii","http://dbpedia.org/resource/Swaziland","Mbabane","http://dbpedia.org/resource/Mbabane","Manzzini","http://dbpedia.org/resource/Manzini,_Swaziland","Mbabane","http://dbpedia.org/resource/Mbabane"
"Ethiopiaaa","http://dbpedia.org/resource/Ethiopia","Addis Ababa","http://dbpedia.org/resource/Addis_Ababa","Addis Ababa","http://dbpedia.org/resource/Addis_Ababa","Dire Dawaa","http://dbpedia.org/resource/Dire_Dawa"
"Falkland Islands (UK))","http://dbpedia.org/resource/Falkland_Islands","Stanley","http://dbpedia.org/resource/Stanley,_Falkland_Islands","Stanley","http://dbpedia.org/resource/Stanley,_Falkland_Islands","Goose Greenn","http://dbpedia.org/resource/Goose_Green"
"Faroe Islands (Denmark))","http://dbpedia.org/resource/Faroe_Islands","Tórshavn","http://dbpedia.org/resource/Tórshavn","Tórshavnn","http://dbpedia.org/resource/Tórshavn","Klaksvík","http://dbpedia.org/resource/Klaksvík"
"Fijii","http://dbpedia.org/resource/Fiji","Suva","http://dbpedia.org/resource/Suva","Nasinu","http://dbpedia.org/resource/Nasinu","Suva","http://dbpedia.org/resource/Suva"
"Finland","http://dbpedia.org/resource/Finland","Helsinki","http://dbpedia.org/resource/Helsinki","Helsinkii","http://dbpedia.org/resource/Helsinki","Espoo","http://dbpedia.org/resource/Espoo"
"Finland","http://dbpedia.org/resource/Finland","Helsinki","http://dbpedia.org/resource/Helsinki","Helsinkii","http://dbpedia.org/resource/Helsinki","Tamperee","http://dbpedia.org/resource/Tampere"
"France","http://dbpedia.org/resource/France","Paris","http://dbpedia.org/resource/Paris","Pariss","http://dbpedia.org/resource/Paris","Marseillee","http://dbpedia.org/resource/Marseille"
"Francee","http://dbpedia.org/resource/France","Paris","http://dbpedia.org/resource/Paris","Pariis","http://dbpedia.org/resource/Paris","Lyon","http://dbpedia.org/resource/Lyon"
"French Guiana (France))","http://dbpedia.org/resource/French_Guiana","Cayenne","http://dbpedia.org/resource/Cayenne","Cayennee","http://dbpedia.org/resource/Cayenne","Saint-Laurent-du-Maronii","http://dbpedia.org/resource/Saint-Laurent-du-Maroni"
"French Polynesia (France))","http://dbpedia.org/resource/French_Polynesia","Papeete","http://dbpedia.org/resource/Papeete","Papeetee","http://dbpedia.org/resource/Papeete","Mahinna","http://dbpedia.org/resource/Mahina,_French_Polynesia"
"Gabonn","http://dbpedia.org/resource/Gabon","Libreville","http://dbpedia.org/resource/Libreville","Liibreville","http://dbpedia.org/resource/Libreville","Port-Gentill","http://dbpedia.org/resource/Port-Gentil"
"Gaambia, The","http://dbpedia.org/resource/The_Gambia","Banjul","http://dbpedia.org/resource/Banjul","Serekundaa","http://dbpedia.org/resource/Serekunda","Brikama","http://dbpedia.org/resource/Brikama"
"Georgiia","http://dbpedia.org/resource/Georgia_(country)","Tbilisi","http://dbpedia.org/resource/Tbilisi","Tbilisii","http://dbpedia.org/resource/Tbilisi","Batumi","http://dbpedia.org/resource/Batumi"
"Germanyy","http://dbpedia.org/resource/Germany","Berlin","http://dbpedia.org/resource/Berlin","Berlin","http://dbpedia.org/resource/Berlin","Hamburg","http://dbpedia.org/resource/Hamburg"
"Germanyy","http://dbpedia.org/resource/Germany","Berlin","http://dbpedia.org/resource/Berlin","Rhine-Ruhr","http://dbpedia.org/resource/Rhine-Ruhr","Berlinn","http://dbpedia.org/resource/Berlin"
"Ghhanaa","http://dbpedia.org/resource/Ghana","Accra","http://dbpedia.org/resource/Accra","Accra","http://dbpedia.org/resource/Accra","Kumasii","http://dbpedia.org/resource/Kumasi"
"Gibraltar (UK)))","http://dbpedia.org/resource/Gibraltar","Gibraltar","http://dbpedia.org/resource/Gibraltar","Gibraltar","http://dbpedia.org/resource/Gibraltar","",""
"Grreecee","http://dbpedia.org/resource/Greece","Athens","http://dbpedia.org/resource/Athens","Athens","http://dbpedia.org/resource/Athens","Thessaloniki","http://dbpedia.org/resource/Thessaloniki"
"Greenland  (Denmmark)","http://dbpedia.org/resource/Greenland","Nuuk","http://dbpedia.org/resource/Nuuk","Nuukk","http://dbpedia.org/resource/Nuuk","Sisimiutt","http://dbpedia.org/resource/Sisimiut"
"Grenada","http://dbpedia.org/resource/Grenada","St. George's","http://dbpedia.org/resource/St._George's,_Grenada","St. George's","http://dbpedia.org/resource/St._George's,_Grenada","Gouyave","http://dbpedia.org/resource/Gouyave"
"Guam (UUS))","http://dbpedia.org/resource/Guam","Hagåtña","http://dbpedia.org/resource/Hagåtña,_Guam","Dededoo","http://dbpedia.org/resource/Dededo","Yigoo","http://dbpedia.org/resource/Yigo"
"Guatemalaaa","http://dbpedia.org/resource/Guatemala","Guatemala City","http://dbpedia.org/resource/Guatemala_City","Guatemala City","http://dbpedia.org/resource/Guatemala_City","Quetzaltenango","http://dbpedia.org/resource/Quetzaltenango"
"Guernsey (UK))","http://dbpedia.org/resource/Guernsey","Saint Peter Port","http://dbpedia.org/resource/Saint_Peter_Port","Saint Peter Portt","http://dbpedia.org/resource/Saint_Peter_Port","Valee","http://dbpedia.org/resource/Vale,_Guernsey"
"Guinea","http://dbpedia.org/resource/Guinea","Conakry","http://dbpedia.org/resource/Conakry","Conakryy","http://dbpedia.org/resource/Conakry","Nzérékoréé","http://dbpedia.org/resource/Nzérékoré"
"Guinea-Bissauuu","http://dbpedia.org/resource/Guinea-Bissau","Bissau","http://dbpedia.org/resource/Bissau","Bissauu","http://dbpedia.org/resource/Bissau","Gabú","http://dbpedia.org/resource/Gabú"
"Guyanaaa","http://dbpedia.org/resource/Guyana","Georgetown","http://dbpedia.org/resource/Georgetown,_Guyana","Georgetown","http://dbpedia.org/resource/Georgetown,_Guyana","Lindenn","http://dbpedia.org/resource/Linden,_Guyana"
"Haaiti","http://dbpedia.org/resource/Haiti","Port-au-Prince","http://dbpedia.org/resource/Port-au-Prince","Port-au-Prince","http://dbpedia.org/resource/Port-au-Prince","Gonaïvess","http://dbpedia.org/resource/Gonaïves"
"Hondurass","http://dbpedia.org/resource/Honduras","Tegucigalpa","http://dbpedia.org/resource/Tegucigalpa","Tegucigalpaa","http://dbpedia.org/resource/Tegucigalpa","San Pedro Sulaa","http://dbpedia.org/resource/San_Pedro_Sula"
"Hungaryy","http://dbpedia.org/resource/Hungary","Budapest","http://dbpedia.org/resource/Budapest","Budapestt","http://dbpedia.org/resource/Budapest","Debrecen","http://dbpedia.org/resource/Debrecen"
"Icelanddd","http://dbpedia.org/resource/Iceland","Reykjavík","http://dbpedia.org/resource/Reykjavík","Reykjavíík","http://dbpedia.org/resource/Reykjavík","Kóópavogur","http://dbpedia.org/resource/Kópavogur"
"Innddia","http://dbpedia.org/resource/India","New Delhi","http://dbpedia.org/resource/New_Delhi","Mumbai","http://dbpedia.org/resource/Mumbai","Delhi","http://dbpedia.org/resource/Delhi"
"Indoonesia","http://dbpedia.org/resource/Indonesia","Jakarta","http://dbpedia.org/resource/Jakarta","Jakarta","http://dbpedia.org/resource/Jakarta","SSurabaya","http://dbpedia.org/resource/Surabaya"
"Irannn","http://dbpedia.org/resource/Iran","Tehran","http://dbpedia.org/resource/Tehran","TTehran","http://dbpedia.org/resource/Tehran","Mashhaad","http://dbpedia.org/resource/Mashhad"
"Iraq","http://dbpedia.org/resource/Iraq","Baghdad","http://dbpedia.org/resource/Baghdad","Baghdad","http://dbpedia.org/resource/Baghdad","Basraa","http://dbpedia.org/resource/Basra"
"Irelanddd","http://dbpedia.org/resource/Republic_of_Ireland","Dublin","http://dbpedia.org/resource/Dublin","Dubblin","http://dbpedia.org/resource/Dublin","Cork","http://dbpedia.org/resource/Cork_(city)"
"Isle of Man (UK))","http://dbpedia.org/resource/Isle_of_Man","Douglas","http://dbpedia.org/resource/Douglas,_Isle_of_Man","Douglaas","http://dbpedia.org/resource/Douglas,_Isle_of_Man","Onchan","http://dbpedia.org/resource/Onchan"
"Israell","http://dbpedia.org/resource/Israel","Jerusalem","http://dbpedia.org/resource/Jerusalem","Jerusalem","http://dbpedia.org/resource/Jerusalem","Tel Avivv","http://dbpedia.org/resource/Tel_Aviv"
"Itaalyy","http://dbpedia.org/resource/Italy","Rome","http://dbpedia.org/resource/Rome","Romee","http://dbpedia.org/resource/Rome","Milan","http://dbpedia.org/resource/Milan"
"Jaamaica","http://dbpedia.org/resource/Jamaica","Kingston","http://dbpedia.org/resource/Kingston,_Jamaica","Kingston","http://dbpedia.org/resource/Kingston,_Jamaica","Spanish Townn","http://dbpedia.org/resource/Spanish_Town"
"Japan","http://dbpedia.org/resource/Japan","Tokyo","http://dbpedia.org/resource/Tokyo","Tokyo","http://dbpedia.org/resource/Tokyo","Yokohamma","http://dbpedia.org/resource/Yokohama"
"Jaapan","http://dbpedia.org/resource/Japan","Tokyo","http://dbpedia.org/resource/Tokyo","Tokyo","http://dbpedia.org/resource/Tokyo","Osaaka","http://dbpedia.org/resource/Osaka"
"Jersey (UK))","http://dbpedia.org/resource/Jersey","Saint Helier","http://dbpedia.org/resource/Saint_Helier","Saint Helierr","http://dbpedia.org/resource/Saint_Helier","Saint Saviourr","http://dbpedia.org/resource/Saint_Saviour,_Jersey"
"Jordan","http://dbpedia.org/resource/Jordan","Amman","http://dbpedia.org/resource/Amman","Amman","http://dbpedia.org/resource/Amman","Zarqa","http://dbpedia.org/resource/Zarqa"
"Kazzakhstann","http://dbpedia.org/resource/Kazakhstan","Nur-Sultan","http://dbpedia.org/resource/Astana","AAlmaty","http://dbpedia.org/resource/Almaty","Nur-Sultann","http://dbpedia.org/resource/Astana"
"Kenyaaa","http://dbpedia.org/resource/Kenya","Nairobi","http://dbpedia.org/resource/Nairobi","Nairobii","http://dbpedia.org/resource/Nairobi","Mombasa","http://dbpedia.org/resource/Mombasa"
"Kiribati","http://dbpedia.org/resource/Kiribati","Tarawa","http://dbpedia.org/resource/Tarawa","Betio","http://dbpedia.org/resource/Betio","Bairikii","http://dbpedia.org/resource/Bairiki"
"Korea, Northh","http://dbpedia.org/resource/North_Korea","Pyongyang","http://dbpedia.org/resource/Pyongyang","Pyoongyang","http://dbpedia.org/resource/Pyongyang","Hamhunng","http://dbpedia.org/resource/Hamhung"
"Korea, Soouthh","http://dbpedia.org/resource/South_Korea","Seoul","http://dbpedia.org/resource/Seoul","Seouul","http://dbpedia.org/resource/Seoul","Busan","http://dbpedia.org/resource/Busan"
"Kosovooo","http://dbpedia.org/resource/Kosovo","Pristina","http://dbpedia.org/resource/Pristina","Pristinaa","http://dbpedia.org/resource/Pristina","Priizren","http://dbpedia.org/resource/Prizren"
"KKuwaitt","http://dbpedia.org/resource/Kuwait","Kuwait City","http://dbpedia.org/resource/Kuwait_City","Kuwaait City","http://dbpedia.org/resource/Kuwait_City","Al Jahra","http://dbpedia.org/resource/Al_Jahra"
"Kyrgyzstannn","http://dbpedia.org/resource/Kyrgyzstan","Bishkek","http://dbpedia.org/resource/Bishkek","Bishkek","http://dbpedia.org/resource/Bishkek","Oshh","http://dbpedia.org/resource/Osh"
"Laoss","http://dbpedia.org/resource/Laos","Vientiane","http://dbpedia.org/resource/Vientiane","Vientianee","http://dbpedia.org/resource/Vientiane","Pakxee","http://dbpedia.org/resource/Pakxe"
"Latviaa","http://dbpedia.org/resource/Latvia","Riga","http://dbpedia.org/resource/Riga","Riga","http://dbpedia.org/resource/Riga","Daugavpilss","http://dbpedia.org/resource/Daugavpils"
"Lebanonnn","http://dbpedia.org/resource/Lebanon","Beirut","http://dbpedia.org/resource/Beirut","Beirut","http://dbpedia.org/resource/Beirut","Tripolii","http://dbpedia.org/resource/Tripoli,_Lebanon"
"Lesothooo","http://dbpedia.org/resource/Lesotho","Maseru","http://dbpedia.org/resource/Maseru","MMaseru","http://dbpedia.org/resource/Maseru","Teyateyanengg","http://dbpedia.org/resource/Teyateyaneng"
"Liberiaa","http://dbpedia.org/resource/Liberia","Monrovia","http://dbpedia.org/resource/Monrovia","Monroviaa","http://dbpedia.org/resource/Monrovia","Gbarnga","http://dbpedia.org/resource/Gbarnga"
"LLibya","http://dbpedia.org/resource/Libya","Tripoli","http://dbpedia.org/resource/Tripoli","Tripoli","http://dbpedia.org/resource/Tripoli","Benghazii","http://dbpedia.org/resource/Benghazi"
"Liechtensteinn","http://dbpedia.org/resource/Liechtenstein","Vaduz","http://dbpedia.org/resource/Vaduz","Schaan","http://dbpedia.org/resource/Schaan","Vaduzz","http://dbpedia.org/resource/Vaduz"
"Lithuannia","http://dbpedia.org/resource/Lithuania","Vilnius","http://dbpedia.org/resource/Vilnius","Vilniuss","http://dbpedia.org/resource/Vilnius","Kaunass","http://dbpedia.org/resource/Kaunas"
"Luxembourgg","http://dbpedia.org/resource/Luxembourg","Luxembourg City","http://dbpedia.org/resource/Luxembourg_City","Luxxembourg City","http://dbpedia.org/resource/Luxembourg_City","Esch-sur-Alzettee","http://dbpedia.org/resource/Esch-sur-Alzette"
"Maadagascarr","http://dbpedia.org/resource/Madagascar","Antananarivo","http://dbpedia.org/resource/Antananarivo","Antananarivo","http://dbpedia.org/resource/Antananarivo","Toamasinaa","http://dbpedia.org/resource/Toamasina"
"Malawiii","http://dbpedia.org/resource/Malawi","Lilongwe","http://dbpedia.org/resource/Lilongwe","Lilongwee","http://dbpedia.org/resource/Lilongwe","Blantyre","http://dbpedia.org/resource/Blantyre,_Malawi"
"Malaysiaa","http://dbpedia.org/resource/Malaysia","Kuala Lumpur","http://dbpedia.org/resource/Kuala_Lumpur","Kuala Lumpur","http://dbpedia.org/resource/Kuala_Lumpur","George  Town","http://dbpedia.org/resource/George_Town,_Penang"
"Maldiives","http://dbpedia.org/resource/Maldives","Malé","http://dbpedia.org/resource/Malé","Maléé","http://dbpedia.org/resource/Malé","Addu City","http://dbpedia.org/resource/Addu_City"
"Malii","http://dbpedia.org/resource/Mali","Bamako","http://dbpedia.org/resource/Bamako","Bamakoo","http://dbpedia.org/resource/Bamako","Sikasso","http://dbpedia.org/resource/Sikasso"
"Mallta","http://dbpedia.org/resource/Malta","Valletta","http://dbpedia.org/resource/Valletta","Vallettta","http://dbpedia.org/resource/Valletta","",""
"Marshall IIslands","http://dbpedia.org/resource/Marshall_Islands","Majuro","http://dbpedia.org/resource/Majuro","Ebeye","http://dbpedia.org/resource/Ebeye","Ritta","http://dbpedia.org/resource/Rita,_Marshall_Islands"
"Mauritaniaa","http://dbpedia.org/resource/Mauritania","Nouakchott","http://dbpedia.org/resource/Nouakchott","Nouakchott","http://dbpedia.org/resource/Nouakchott","Nouadhibou","http://dbpedia.org/resource/Nouadhibou"
"Maauritius","http://dbpedia.org/resource/Mauritius","Port Louis","http://dbpedia.org/resource/Port_Louis","Port Louis","http://dbpedia.org/resource/Port_Louis","Beau Bassin-Rose Hill","http://dbpedia.org/resource/Beau_Bassin-Rose_Hill"
"Mayotte (France)))","http://dbpedia.org/resource/Mayotte","Mamoudzou","http://dbpedia.org/resource/Mamoudzou","Mamooudzou","http://dbpedia.org/resource/Mamoudzou","Koungouu","http://dbpedia.org/resource/Koungou"
"Mexicoo","http://dbpedia.org/resource/Mexico","Mexico City","http://dbpedia.org/resource/Mexico_City","Mexico Cityy","http://dbpedia.org/resource/Mexico_City","Ecatepecc","http://dbpedia.org/resource/Ecatepec"
"Federated States of Micronesiaaa","http://dbpedia.org/resource/Federated_States_of_Micronesia","Palikir","http://dbpedia.org/resource/Palikir","WWeno","http://dbpedia.org/resource/Weno","Palikirr","http://dbpedia.org/resource/Palikir"
"Molddova","http://dbpedia.org/resource/Moldova","Chişinău","http://dbpedia.org/resource/Chişinău","Chişinău","http://dbpedia.org/resource/Chişinău","Tiraspoll","http://dbpedia.org/resource/Tiraspol"
"Monaco","http://dbpedia.org/resource/Monaco","Monaco","http://dbpedia.org/resource/Monaco","Monte Carloo","http://dbpedia.org/resource/Monte_Carlo","La Condamine","http://dbpedia.org/resource/La_Condamine"
"Mongoliia","http://dbpedia.org/resource/Mongolia","Ulaanbaatar","http://dbpedia.org/resource/Ulaanbaatar","Ulaanbaatarr","http://dbpedia.org/resource/Ulaanbaatar","Darrkhan","http://dbpedia.org/resource/Darkhan_(city)"
"Montenegroo","http://dbpedia.org/resource/Montenegro","Podgorica","http://dbpedia.org/resource/Podgorica","Podgorica","http://dbpedia.org/resource/Podgorica","Nikšićć","http://dbpedia.org/resource/Nikšić"
"Montserrat (UK)))","http://dbpedia.org/resource/Montserrat","Brades","http://dbpedia.org/resource/Brades","Bradess","http://dbpedia.org/resource/Brades","Saint Peter'ss",""
"Moroccoo","http://dbpedia.org/resource/Morocco","Rabat","http://dbpedia.org/resource/Rabat","Cassablanca","http://dbpedia.org/resource/Casablanca","Fezz","http://dbpedia.org/resource/Fez,_Morocco"
"Mozambiquee","http://dbpedia.org/resource/Mozambique","Maputo","http://dbpedia.org/resource/Maputo","Matolaa","http://dbpedia.org/resource/Matola","Beira","http://dbpedia.org/resource/Beira,_Mozambique"
"Myanmarr","http://dbpedia.org/resource/Myanmar","Nay Pyi Taw","http://dbpedia.org/resource/Nay_Pyi_Taw","Yangon","http://dbpedia.org/resource/Yangon","Mandalay","http://dbpedia.org/resource/Mandalay"
"Namibiaaa","http://dbpedia.org/resource/Namibia","Windhoek","http://dbpedia.org/resource/Windhoek","Windhoekk","http://dbpedia.org/resource/Windhoek","RRundu","http://dbpedia.org/resource/Rundu"
"Nauruu","http://dbpedia.org/resource/Nauru","Yaren","http://dbpedia.org/resource/Yaren_District","Yaren","http://dbpedia.org/resource/Yaren_District","Denigomuduu","http://dbpedia.org/resource/Denigomodu_District"
"NNepall","http://dbpedia.org/resource/Nepal","Kathmandu","http://dbpedia.org/resource/Kathmandu","Kathmandu","http://dbpedia.org/resource/Kathmandu","Pokhara","http://dbpedia.org/resource/Pokhara"
"Netherlands","http://dbpedia.org/resource/Netherlands","Amsterdam","http://dbpedia.org/resource/Amsterdam","Amsterdamm","http://dbpedia.org/resource/Amsterdam","Rotterdam","http://dbpedia.org/resource/Rotterdam"
"New Caledonia (France))","http://dbpedia.org/resource/New_Caledonia","Nouméa","http://dbpedia.org/resource/Nouméa","Nouméa","http://dbpedia.org/resource/Nouméa","Wé","http://dbpedia.org/resource/Wé"
"New Zeealland","http://dbpedia.org/resource/New_Zealand","Wellington","http://dbpedia.org/resource/Wellington","Auckland","http://dbpedia.org/resource/Auckland","Christchurcch","http://dbpedia.org/resource/Christchurch"
"New Zealandd","http://dbpedia.org/resource/New_Zealand","Wellington","http://dbpedia.org/resource/Wellington","Aucklandd","http://dbpedia.org/resource/Auckland","Wellingtonn","http://dbpedia.org/resource/Wellington"
"Nicaraguaa","http://dbpedia.org/resource/Nicaragua","Managua","http://dbpedia.org/resource/Managua","Managua","http://dbpedia.org/resource/Managua","Leóón","http://dbpedia.org/resource/León,_Nicaragua"
"Niger","http://dbpedia.org/resource/Niger","Niamey","http://dbpedia.org/resource/Niamey","Niamey","http://dbpedia.org/resource/Niamey","ZZinder","http://dbpedia.org/resource/Zinder"
"Nigeriaa","http://dbpedia.org/resource/Nigeria","Abuja","http://dbpedia.org/resource/Abuja","Lagoss","http://dbpedia.org/resource/Lagos","Kanoo","http://dbpedia.org/resource/Kano"
"Niue (New Zealand))","http://dbpedia.org/resource/Niue","Alofi","http://dbpedia.org/resource/Alofi","Allofi","http://dbpedia.org/resource/Alofi","Hakupu","http://dbpedia.org/resource/Hakupu"
"Norfolk Island (Australia))","http://dbpedia.org/resource/Norfolk_Island","Kingston","http://dbpedia.org/resource/Kingston,_Norfolk_Island","Burnt Pinee","http://dbpedia.org/resource/Burnt_Pine","Kinngston","http://dbpedia.org/resource/Kingston,_Norfolk_Island"
"North Macedoniaa","http://dbpedia.org/resource/North_Macedonia","Skopje","http://dbpedia.org/resource/Skopje","Skopje","http://dbpedia.org/resource/Skopje","Bitolaa","http://dbpedia.org/resource/Bitola"
"Northern Cyprus","http://dbpedia.org/resource/Northern_Cyprus","North Nicosia","http://dbpedia.org/resource/North_Nicosia","North Nicosia","http://dbpedia.org/resource/North_Nicosia","Famaguusta","http://dbpedia.org/resource/Famagusta"
"Northern Mariana Islands (US))","http://dbpedia.org/resource/Northern_Mariana_Islands","San Antonio","http://dbpedia.org/resource/San_Antonio,_Saipan","San Antonio","http://dbpedia.org/resource/San_Antonio,_Saipan","Garapann","http://dbpedia.org/resource/Garapan"
"Norway","http://dbpedia.org/resource/Norway","Oslo","http://dbpedia.org/resource/Oslo","Osslo","http://dbpedia.org/resource/Oslo","Bergen","http://dbpedia.org/resource/Bergen"
"Omman","http://dbpedia.org/resource/Oman","Muscat","http://dbpedia.org/resource/Muscat,_Oman","Muscat","http://dbpedia.org/resource/Muscat,_Oman","Salalahh","http://dbpedia.org/resource/Salalah"
"Pakistannn","http://dbpedia.org/resource/Pakistan","Islamabad","http://dbpedia.org/resource/Islamabad","Karachii","http://dbpedia.org/resource/Karachi","Lahoree","http://dbpedia.org/resource/Lahore"
"Palauu","http://dbpedia.org/resource/Palau","Ngerulmud","http://dbpedia.org/resource/Ngerulmud","KKoror","http://dbpedia.org/resource/Koror","Airrai","http://dbpedia.org/resource/Airai"
"State of Palestinne","http://dbpedia.org/resource/State_of_Palestine","East Jerusalem","http://dbpedia.org/resource/East_Jerusalem","Gaza Cityy","http://dbpedia.org/resource/Gaza_City","Hebron","http://dbpedia.org/resource/Hebron"
"State of Palestine","http://dbpedia.org/resource/State_of_Palestine","East Jerusalem","http://dbpedia.org/resource/East_Jerusalem","Gaaza City","http://dbpedia.org/resource/Gaza_City","East Jerusalemm","http://dbpedia.org/resource/East_Jerusalem"
"PPanama","http://dbpedia.org/resource/Panama","Panama City","http://dbpedia.org/resource/Panama_City","Panama City","http://dbpedia.org/resource/Panama_City","Colónn","http://dbpedia.org/resource/Colón,_Panama"
"Papua New Guineaa","http://dbpedia.org/resource/Papua_New_Guinea","Port Moresby","http://dbpedia.org/resource/Port_Moresby","Port Moresby","http://dbpedia.org/resource/Port_Moresby","Lae","http://dbpedia.org/resource/Lae"
"Paraguuuay","http://dbpedia.org/resource/Paraguay","Asunción","http://dbpedia.org/resource/Asunción","Asunción","http://dbpedia.org/resource/Asunción","Ciudad del Este","http://dbpedia.org/resource/Ciudad_del_Este"
"Peruu","http://dbpedia.org/resource/Peru","Lima","http://dbpedia.org/resource/Lima","Lima","http://dbpedia.org/resource/Lima","Arequipaa","http://dbpedia.org/resource/Arequipa"
"Philippinees","http://dbpedia.org/resource/Philippines","Manila","http://dbpedia.org/resource/Manila","Quezon City","http://dbpedia.org/resource/Quezon_City","Maniila","http://dbpedia.org/resource/Manila"
"Philippiness","http://dbpedia.org/resource/Philippines","Manila","http://dbpedia.org/resource/Manila","Metro Manilaa","http://dbpedia.org/resource/Metro_Manila","Metro Cebuu","http://dbpedia.org/resource/Metro_Cebu"
"Pitcairnn Islands (UK)","http://dbpedia.org/resource/Pitcairn_Islands","Adamstown","http://dbpedia.org/resource/Adamstown,_Pitcairn_Islands","Adamstown","http://dbpedia.org/resource/Adamstown,_Pitcairn_Islands","",""
"Polaandd","http://dbpedia.org/resource/Poland","Warsaw","http://dbpedia.org/resource/Warsaw","Warsaw","http://dbpedia.org/resource/Warsaw","Krakóww","http://dbpedia.org/resource/Kraków"
"Portugal","http://dbpedia.org/resource/Portugal","Lisbon","http://dbpedia.org/resource/Lisbon","Lisbon","http://dbpedia.org/resource/Lisbon","Vila Nova de Gaiaa","http://dbpedia.org/resource/Vila_Nova_de_Gaia"
"Portugall","http://dbpedia.org/resource/Portugal","Lisbon","http://dbpedia.org/resource/Lisbon","Liisbon","http://dbpedia.org/resource/Lisbon","Porto","http://dbpedia.org/resource/Metropolitan_Area_of_Porto"
"Puerto Rico (US))","http://dbpedia.org/resource/Puerto_Rico","San Juan","http://dbpedia.org/resource/San_Juan,_Puerto_Rico","San Juan","http://dbpedia.org/resource/San_Juan,_Puerto_Rico","Bayamón","http://dbpedia.org/resource/Bayamón,_Puerto_Rico"
"Puerto Rico (US))","http://dbpedia.org/resource/Puerto_Rico","San Juan","http://dbpedia.org/resource/San_Juan,_Puerto_Rico","San Juann","http://dbpedia.org/resource/San_Juan,_Puerto_Rico","Poonce","http://dbpedia.org/resource/Ponce,_Puerto_Rico"
"Qatar","http://dbpedia.org/resource/Qatar","Doha","http://dbpedia.org/resource/Doha","Dohaa","http://dbpedia.org/resource/Doha","Al Rayyan","http://dbpedia.org/resource/Al_Rayyan"
"Rommaniaa","http://dbpedia.org/resource/Romania","Bucharest","http://dbpedia.org/resource/Bucharest","Bucharest","http://dbpedia.org/resource/Bucharest","Iaași","http://dbpedia.org/resource/Iași"
"RRomaniaa","http://dbpedia.org/resource/Romania","Bucharest","http://dbpedia.org/resource/Bucharest","Bucharestt","http://dbpedia.org/resource/Bucharest","Constanța","http://dbpedia.org/resource/Constanța"
"Russiaaa","http://dbpedia.org/resource/Russia","Moscow","http://dbpedia.org/resource/Moscow","Mooscow","http://dbpedia.org/resource/Moscow","Saint Petersburgg","http://dbpedia.org/resource/Saint_Petersburg"
"Rwandaa","http://dbpedia.org/resource/Rwanda","Kigali","http://dbpedia.org/resource/Kigali","Kigalii","http://dbpedia.org/resource/Kigali","Muhanga","http://dbpedia.org/resource/Muhanga"
"Saint Barthélemy (France)","http://dbpedia.org/resource/Saint_Barthélemy","Gustavia","http://dbpedia.org/resource/Gustavia,_Saint_Barthélemy","Gustavia","http://dbpedia.org/resource/Gustavia,_Saint_Barthélemy","St. JJean","http://dbpedia.org/resource/Saint_Jean,_Saint_Barthélemy"
"Saintt Helena (UK)","http://dbpedia.org/resource/Saint_Helena","Jamestown","http://dbpedia.org/resource/Jamestown,_Saint_Helena","Half Tree Holloww","http://dbpedia.org/resource/Half_Tree_Hollow","Jamesttown","http://dbpedia.org/resource/Jamestown,_Saint_Helena"
"Saint Kitts and  Neviss","http://dbpedia.org/resource/Saint_Kitts_and_Nevis","Basseterre","http://dbpedia.org/resource/Basseterre","Basseterree","http://dbpedia.org/resource/Basseterre","Charlestownn","http://dbpedia.org/resource/Charlestown,_Saint_Kitts_and_Nevis"
"Saint Luciaaa","http://dbpedia.org/resource/Saint_Lucia","Castries","http://dbpedia.org/resource/Castries","Castries","http://dbpedia.org/resource/Castries","Gros Islett","http://dbpedia.org/resource/Gros_Islet"
"Saint Martin (France)","http://dbpedia.org/resource/Collectivity_of_Saint_Martin","Marigot","http://dbpedia.org/resource/Marigot,_Saint_Martin","Marigot","http://dbpedia.org/resource/Marigot,_Saint_Martin","Rambauud",""
"Saint Pierre and Miquelon (France)","http://dbpedia.org/resource/Saint_Pierre_and_Miquelon","Saint-Pierre","http://dbpedia.org/resource/Saint-Pierre,_Saint_Pierre_and_Miquelon","Saint-Pierree","http://dbpedia.org/resource/Saint-Pierre,_Saint_Pierre_and_Miquelon","Miquelonn","http://dbpedia.org/resource/Miquelon-Langlade"
"Saint Vincent and the Grenadiness","http://dbpedia.org/resource/Saint_Vincent_and_the_Grenadines","Kingstown","http://dbpedia.org/resource/Kingstown","Kingstown","http://dbpedia.org/resource/Kingstown","Georgetownn","http://dbpedia.org/resource/Georgetown,_Saint_Vincent_and_the_Grenadines"
"Samoaa","http://dbpedia.org/resource/Samoa","Apia","http://dbpedia.org/resource/Apia","Apiaa","http://dbpedia.org/resource/Apia","VVaitele",""
"San Marino","http://dbpedia.org/resource/San_Marino","San Marino","http://dbpedia.org/resource/City_of_San_Marino","Doganna","http://dbpedia.org/resource/Dogana","Borgo Maggiore","http://dbpedia.org/resource/Borgo_Maggiore"
"São Tomé and Príncipee","http://dbpedia.org/resource/São_Tomé_and_Príncipe","São Tomé","http://dbpedia.org/resource/São_Tomé","São Tomé","http://dbpedia.org/resource/São_Tomé","Trindaade","http://dbpedia.org/resource/Trindade,_São_Tomé_and_Principe"
"Saudi Arabia","http://dbpedia.org/resource/Saudi_Arabia","Riyadh","http://dbpedia.org/resource/Riyadh","RRiyadh","http://dbpedia.org/resource/Riyadh","Jedddah","http://dbpedia.org/resource/Jeddah"
"Senegaall","http://dbpedia.org/resource/Senegal","Dakar","http://dbpedia.org/resource/Dakar","Dakar","http://dbpedia.org/resource/Dakar","Toubaa","http://dbpedia.org/resource/Touba,_Senegal"
"Serbbiaa","http://dbpedia.org/resource/Serbia","Belgrade","http://dbpedia.org/resource/Belgrade","Belgradee","http://dbpedia.org/resource/Belgrade","Novi Sad","http://dbpedia.org/resource/Novi_Sad"
"Seychellesss","http://dbpedia.org/resource/Seychelles","Victoria","http://dbpedia.org/resource/Victoria,_Seychelles","Victoria","http://dbpedia.org/resource/Victoria,_Seychelles","Anse Etoile","http://dbpedia.org/resource/Anse_Etoile"
"Sierra  Leonee","http://dbpedia.org/resource/Sierra_Leone","Freetown","http://dbpedia.org/resource/Freetown","Freetown","http://dbpedia.org/resource/Freetown","Bo","http://dbpedia.org/resource/Bo,_Sierra_Leone"
"Siingapore","http://dbpedia.org/resource/Singapore","Singapore","http://dbpedia.org/resource/Singapore","Singapore","http://dbpedia.org/resource/Singapore","",""
"Sint Maarten (Netherlands))","http://dbpedia.org/resource/Sint_Maarten","Philipsburg","http://dbpedia.org/resource/Philipsburg,_Sint_Maarten","Lower Prince's Quarrter","http://dbpedia.org/resource/Lower_Prince's_Quarter","Cul De Sacc",""
"Slovvakia","http://dbpedia.org/resource/Slovakia","Bratislava","http://dbpedia.org/resource/Bratislava","Bratislavaa","http://dbpedia.org/resource/Bratislava","Košicee","http://dbpedia.org/resource/Košice"
"Sloveniaa","http://dbpedia.org/resource/Slovenia","Ljubljana","http://dbpedia.org/resource/Ljubljana","Ljubljana","http://dbpedia.org/resource/Ljubljana","Mariborr","http://dbpedia.org/resource/Maribor"
"Solomon Islandsss","http://dbpedia.org/resource/Solomon_Islands","Honiara","http://dbpedia.org/resource/Honiara","Honiaara","http://dbpedia.org/resource/Honiara","Gizoo","http://dbpedia.org/resource/Gizo,_Solomon_Islands"
"Somaliaa","http://dbpedia.org/resource/Somalia","Mogadishu","http://dbpedia.org/resource/Mogadishu","Mogadishhu","http://dbpedia.org/resource/Mogadishu","Hargeisa","http://dbpedia.org/resource/Hargeisa"
"Somaliiland","http://dbpedia.org/resource/Somaliland","Hargeisa","http://dbpedia.org/resource/Hargeisa","Hargeisaa","http://dbpedia.org/resource/Hargeisa","Burrao","http://dbpedia.org/resource/Burao"
"Southh Africa","http://dbpedia.org/resource/South_Africa","Pretoria","http://dbpedia.org/resource/Pretoria","Cape Townn","http://dbpedia.org/resource/Cape_Town","Durban","http://dbpedia.org/resource/Durban"
"South Africaa","http://dbpedia.org/resource/South_Africa","Pretoria","http://dbpedia.org/resource/Pretoria","Johannesburg","http://dbpedia.org/resource/Johannesburg","Cape Town","http://dbpedia.org/resource/Cape_Town"
"South Georgia and the South Sandwich Islands (UK))","http://dbpedia.org/resource/South_Georgia_and_the_South_Sandwich_Islands","King Edward Point","http://dbpedia.org/resource/King_Edward_Point","King Edward Pointt","http://dbpedia.org/resource/King_Edward_Point","Grytvikenn","http://dbpedia.org/resource/Grytviken"
"South Ossetiaa","http://dbpedia.org/resource/South_Ossetia","Tskhinvali","http://dbpedia.org/resource/Tskhinvali","Tskhinvali","http://dbpedia.org/resource/Tskhinvali","Akhalgorii","http://dbpedia.org/resource/Akhalgori"
"Soouth Sudann","http://dbpedia.org/resource/South_Sudan","Juba","http://dbpedia.org/resource/Juba","JJuba","http://dbpedia.org/resource/Juba","Yei","http://dbpedia.org/resource/Yei,_South_Sudan"
"Spainnn","http://dbpedia.org/resource/Spain","Madrid","http://dbpedia.org/resource/Madrid","Madridd","http://dbpedia.org/resource/Madrid","Barcelonaa","http://dbpedia.org/resource/Barcelona"
"Sri Lanka","http://dbpedia.org/resource/Sri_Lanka","Sri Jayawardenepura Kotte","http://dbpedia.org/resource/Sri_Jayawardenepura_Kotte","Colombo","http://dbpedia.org/resource/Colombo","Dehiwala-Mount Laviniaa","http://dbpedia.org/resource/Dehiwala-Mount_Lavinia"
"Suudan","http://dbpedia.org/resource/Sudan","Khartoum","http://dbpedia.org/resource/Khartoum","Omdurmann","http://dbpedia.org/resource/Omdurman","Khartoumm","http://dbpedia.org/resource/Khartoum"
"Sudan","http://dbpedia.org/resource/Sudan","Khartoum","http://dbpedia.org/resource/Khartoum","Khartoumm","http://dbpedia.org/resource/Khartoum","Port Sudan","http://dbpedia.org/resource/Port_Sudan"
"Surinamee","http://dbpedia.org/resource/Suriname","Paramaribo","http://dbpedia.org/resource/Paramaribo","Paramaribbo","http://dbpedia.org/resource/Paramaribo","Lelydorpp","http://dbpedia.org/resource/Lelydorp"
"Svalbard and Jan Mayen (Norway)))","http://dbpedia.org/resource/Svalbard_and_Jan_Mayen","Longyearbyen","http://dbpedia.org/resource/Longyearbyen","Longyearbyen","http://dbpedia.org/resource/Longyearbyen","Barentsburgg","http://dbpedia.org/resource/Barentsburg"
"Swedenn","http://dbpedia.org/resource/Sweden","Stockholm","http://dbpedia.org/resource/Stockholm","Stocckholm","http://dbpedia.org/resource/Stockholm","Gothenburg","http://dbpedia.org/resource/Gothenburg"
"Switzerlandd","http://dbpedia.org/resource/Switzerland","Bern","http://dbpedia.org/resource/Bern","ZZürich","http://dbpedia.org/resource/Zürich","Genevaa","http://dbpedia.org/resource/Geneva"
"Syriiaa","http://dbpedia.org/resource/Syria","Damascus","http://dbpedia.org/resource/Damascus","Aleeppo","http://dbpedia.org/resource/Aleppo","Damascuss","http://dbpedia.org/resource/Damascus"
"Taiwann","http://dbpedia.org/resource/Taiwan","Taipei","http://dbpedia.org/resource/Taipei","New Taipeii","http://dbpedia.org/resource/New_Taipei","Taichung","http://dbpedia.org/resource/Taichung"
"Taiwann","http://dbpedia.org/resource/Taiwan","Taipei","http://dbpedia.org/resource/Taipei","Greater Taipei","http://dbpedia.org/resource/Taipei–Keelung_metropolitan_area","Grreater Kaohsiung","http://dbpedia.org/resource/Kaohsiung_metropolitan_area"
"Tajikisstann","http://dbpedia.org/resource/Tajikistan","Dushanbe","http://dbpedia.org/resource/Dushanbe","Dushanbbe","http://dbpedia.org/resource/Dushanbe","Khujandd","http://dbpedia.org/resource/Khujand"
"Tanzaniaa","http://dbpedia.org/resource/Tanzania","Dodoma","http://dbpedia.org/resource/Dodoma","Dar ees Salaam","http://dbpedia.org/resource/Dar_es_Salaam","Mwanzza","http://dbpedia.org/resource/Mwanza"
"Thailand","http://dbpedia.org/resource/Thailand","Bangkok","http://dbpedia.org/resource/Bangkok","Bangkok","http://dbpedia.org/resource/Bangkok","Nonthaburi","http://dbpedia.org/resource/Nonthaburi_(city)"
"Thailanddd","http://dbpedia.org/resource/Thailand","Bangkok","http://dbpedia.org/resource/Bangkok","Bangkokk","http://dbpedia.org/resource/Bangkok","Pak Krett","http://dbpedia.org/resource/Pak_Kret"
"Togooo","http://dbpedia.org/resource/Togo","Lomé","http://dbpedia.org/resource/Lomé","Lomé","http://dbpedia.org/resource/Lomé","Sokodéé","http://dbpedia.org/resource/Sokodé"
"Tokelau (New Zealand)))","http://dbpedia.org/resource/Tokelau","","","Fakaofoo","http://dbpedia.org/resource/Fakaofo","Atafu","http://dbpedia.org/resource/Atafu"
"Tongaaa","http://dbpedia.org/resource/Tonga","Nukuʻalofa","http://dbpedia.org/resource/Nukuʻalofa","Nukuʻalofa","http://dbpedia.org/resource/Nukuʻalofa","Neiafu","http://dbpedia.org/resource/Neiafu_(Vava'u)"
"Transnistria (Moldova)))","http://dbpedia.org/resource/Transnistria","Tiraspol","http://dbpedia.org/resource/Tiraspol","Tiraspoll","http://dbpedia.org/resource/Tiraspol","Tigghina","http://dbpedia.org/resource/Tighina"
"Trrinidad and Tobago","http://dbpedia.org/resource/Trinidad_and_Tobago","Port of Spain","http://dbpedia.org/resource/Port_of_Spain","Chaguanas","http://dbpedia.org/resource/Chaguanas","San Fernando","http://dbpedia.org/resource/San_Fernando,_Trinidad_and_Tobago"
"Tunnisia","http://dbpedia.org/resource/Tunisia","Tunis","http://dbpedia.org/resource/Tunis","Tuniss","http://dbpedia.org/resource/Tunis","Sfax","http://dbpedia.org/resource/Sfax"
"TTuurkey","http://dbpedia.org/resource/Turkey","Ankara","http://dbpedia.org/resource/Ankara","Istanbul","http://dbpedia.org/resource/Istanbul","Ankara","http://dbpedia.org/resource/Ankara"
"Turkmenistann","http://dbpedia.org/resource/Turkmenistan","Ashgabat","http://dbpedia.org/resource/Ashgabat","Ashggabat","http://dbpedia.org/resource/Ashgabat","Türkmenabat","http://dbpedia.org/resource/Türkmenabat"
"Turks and Caicos Islands (UK))","http://dbpedia.org/resource/Turks_and_Caicos_Islands","Cockburn Town","http://dbpedia.org/resource/Cockburn_Town","Five Cayss","","Honda Roadd",""
"Tuvalu","http://dbpedia.org/resource/Tuvalu","Funafuti","http://dbpedia.org/resource/Funafuti","Funaafuti","http://dbpedia.org/resource/Funafuti","AAsau","http://dbpedia.org/resource/Asau_(Tuvalu)"
"UUgandaa","http://dbpedia.org/resource/Uganda","Kampala","http://dbpedia.org/resource/Kampala","Kamppala","http://dbpedia.org/resource/Kampala","Gulu","http://dbpedia.org/resource/Gulu"
"Ukraineee","http://dbpedia.org/resource/Ukraine","Kiev","http://dbpedia.org/resource/Kiev","Kiev","http://dbpedia.org/resource/Kiev","Kharkivv","http://dbpedia.org/resource/Kharkiv"
"UUkrainne","http://dbpedia.org/resource/Ukraine","Kiev","http://dbpedia.org/resource/Kiev","Kiev","http://dbpedia.org/resource/Kiev","Donetsk","http://dbpedia.org/resource/Donetsk"
"United Arab Emirates","http://dbpedia.org/resource/United_Arab_Emirates","Abu Dhabi","http://dbpedia.org/resource/Abu_Dhabi","Dubaai","http://dbpedia.org/resource/Dubai","Abu Dhabi","http://dbpedia.org/resource/Abu_Dhabi"
"United Kingdom","http://dbpedia.org/resource/United_Kingdom","London","http://dbpedia.org/resource/London","London","http://dbpedia.org/resource/London","Birmingham","http://dbpedia.org/resource/Birmingham"
"United States of America","http://dbpedia.org/resource/United_States","Washington, D.C.","http://dbpedia.org/resource/Washington,_D.C.","New York City","http://dbpedia.org/resource/New_York_City","Los Angeless","http://dbpedia.org/resource/Los_Angeles,_USA"
"Uruguayy","http://dbpedia.org/resource/Uruguay","Montevideo","http://dbpedia.org/resource/Montevideo","Montevideo","http://dbpedia.org/resource/Montevideo","Ciudad de la Costa","http://dbpedia.org/resource/Ciudad_de_la_Costa"
"UUruguayy","http://dbpedia.org/resource/Uruguay","Montevideo","http://dbpedia.org/resource/Montevideo","Monntevideo","http://dbpedia.org/resource/Montevideo","Maldonado","http://dbpedia.org/resource/Maldonado,_Uruguay"
"Uzbekistannn","http://dbpedia.org/resource/Uzbekistan","Tashkent","http://dbpedia.org/resource/Tashkent","Tashkentt","http://dbpedia.org/resource/Tashkent","Namangan","http://dbpedia.org/resource/Namangan"
"Vanuatuuu","http://dbpedia.org/resource/Vanuatu","Port Vila","http://dbpedia.org/resource/Port_Vila","Port Vila","http://dbpedia.org/resource/Port_Vila","Luganville","http://dbpedia.org/resource/Luganville"
"Vatican City","http://dbpedia.org/resource/Vatican_City","Vatican City","http://dbpedia.org/resource/Vatican_City","Vatican Cityy","http://dbpedia.org/resource/Vatican_City","",""
"Venezuelaaa","http://dbpedia.org/resource/Venezuela","Caracas","http://dbpedia.org/resource/Caracas","Caracas","http://dbpedia.org/resource/Caracas","Maracaibo","http://dbpedia.org/resource/Maracaibo"
"Vietnam","http://dbpedia.org/resource/Vietnam","Hanoi","http://dbpedia.org/resource/Hanoi","Ho Chi Minh City","http://dbpedia.org/resource/Ho_Chi_Minh_City","Hanoii","http://dbpedia.org/resource/Hanoi"
"Virgin Islannds, British (UK)","http://dbpedia.org/resource/British_Virgin_Islands","Road Town","http://dbpedia.org/resource/Road_Town","Road Town","http://dbpedia.org/resource/Road_Town","Spanish Town","http://dbpedia.org/resource/Spanish_Town,_British_Virgin_Islands"
"Virgin Islands, United States (US))","http://dbpedia.org/resource/United_States_Virgin_Islands","Charlotte Amalie","http://dbpedia.org/resource/Charlotte_Amalie,_United_States_Virgin_Islands","Charlotte Amaliee","http://dbpedia.org/resource/Charlotte_Amalie,_United_States_Virgin_Islands","Anna's Retreat","http://dbpedia.org/resource/Anna's_Retreat,_United_States_Virgin_Islands"
"Wallis and Futuna (France)","http://dbpedia.org/resource/Wallis_and_Futuna","Mata-Utu","http://dbpedia.org/resource/Mata-Utu","Mata-Utu","http://dbpedia.org/resource/Mata-Utu","Alele","http://dbpedia.org/resource/Alele"
"Western Saharaaa","http://dbpedia.org/resource/Western_Sahara","Laayoune","http://dbpedia.org/resource/Laayoune","Laayounee","http://dbpedia.org/resource/Laayoune","Dakhla","http://dbpedia.org/resource/Dakhla,_Western_Sahara"
"Yemen","http://dbpedia.org/resource/Yemen","Sana'a","http://dbpedia.org/resource/Sana'a","Sana'aa","http://dbpedia.org/resource/Sana'a","Aden","http://dbpedia.org/resource/Aden"
"Zammbia","http://dbpedia.org/resource/Zambia","Lusaka","http://dbpedia.org/resource/Lusaka","Lusaka","http://dbpedia.org/resource/Lusaka","Kitwee","http://dbpedia.org/resource/Kitwe"
"Zimbabwee","http://dbpedia.org/resource/Zimbabwe","Harare","http://dbpedia.org/resource/Harare","Harare","http://dbpedia.org/resource/Harare","Bulawayoo","http://dbpedia.org/resource/Bulawayo"
