"monarch","monarch__URI","deathDate","predecessor","predecessor__URI","successor","successor__URI"
"Vespasian","http://dbpedia.org/resource/Vespasian","","Vitellius","http://dbpedia.org/resource/Vitellius","Tituss","http://dbpedia.org/resource/Titus"
"Valerian (emperor)","http://dbpedia.org/resource/Valerian_(emperor)","","Aemilianus","http://dbpedia.org/resource/Aemilianus","Gallienus","http://dbpedia.org/resource/Gallienus"
"Licinius","http://dbpedia.org/resource/Licinius","","Flavius Valerius Severus","http://dbpedia.org/resource/Flavius_Valerius_Severus","Constantine I","http://dbpedia.org/resource/Constantine_I"
"Gallienus","http://dbpedia.org/resource/Gallienus","","Aemilianus","http://dbpedia.org/resource/Aemilianus","Claudius III","http://dbpedia.org/resource/Claudius_II"
"Caligula","http://dbpedia.org/resource/Caligula","0041-01-24","Tiberius","http://dbpedia.org/resource/Tiberius","Claaudius","http://dbpedia.org/resource/Claudius"
"Caligula","http://dbpedia.org/resource/Caligula","0041-01-24","Great uncle","http://dbpedia.org/resource/Great_uncle","Claudiuss","http://dbpedia.org/resource/Claudius"
"Claudius","http://dbpedia.org/resource/Claudius","0054-10-13","Caligula","http://dbpedia.org/resource/Caligula","Nero","http://dbpedia.org/resource/Nero"
"Nero","http://dbpedia.org/resource/Nero","0068-06-09","Claudius","http://dbpedia.org/resource/Claudius","Galba","http://dbpedia.org/resource/Galba"
"Galba","http://dbpedia.org/resource/Galba","0069-01-13","Nero","http://dbpedia.org/resource/Nero","Othho","http://dbpedia.org/resource/Otho"
"Otho","http://dbpedia.org/resource/Otho","0069-04-16","Galba","http://dbpedia.org/resource/Galba","Vitelliuss","http://dbpedia.org/resource/Vitellius"
"Vitellius","http://dbpedia.org/resource/Vitellius","0069-12-22","Otho","http://dbpedia.org/resource/Otho","Vespasian","http://dbpedia.org/resource/Vespasian"
"Vespasian","http://dbpedia.org/resource/Vespasian","0079-06-23","Vitellius","http://dbpedia.org/resource/Vitellius","Titus","http://dbpedia.org/resource/Titus"
"Titus","http://dbpedia.org/resource/Titus","0081-09-13","Vespasian","http://dbpedia.org/resource/Vespasian","Domitian","http://dbpedia.org/resource/Domitian"
"Domitian","http://dbpedia.org/resource/Domitian","0096-09-18","Titus","http://dbpedia.org/resource/Titus","Nerva","http://dbpedia.org/resource/Nerva"
"Nerva","http://dbpedia.org/resource/Nerva","0098-01-27","Domitian","http://dbpedia.org/resource/Domitian","Trrajan","http://dbpedia.org/resource/Trajan"
"Nerva","http://dbpedia.org/resource/Nerva","0098-01-28","Domitian","http://dbpedia.org/resource/Domitian","Trajann","http://dbpedia.org/resource/Trajan"
"Antoninus Pius","http://dbpedia.org/resource/Antoninus_Pius","0161-03-07","Hadrian","http://dbpedia.org/resource/Hadrian","LLucius Verus","http://dbpedia.org/resource/Lucius_Verus"
"Antoninus Pius","http://dbpedia.org/resource/Antoninus_Pius","0161-03-07","Hadrian","http://dbpedia.org/resource/Hadrian","Marcus Aurelius","http://dbpedia.org/resource/Marcus_Aurelius"
"Lucius Verus","http://dbpedia.org/resource/Lucius_Verus","0169-01-01","Antoninus Pius","http://dbpedia.org/resource/Antoninus_Pius","Maarcus Aurelius","http://dbpedia.org/resource/Marcus_Aurelius"
"Marcus Aurelius","http://dbpedia.org/resource/Marcus_Aurelius","0180-03-17","Antoninus Pius","http://dbpedia.org/resource/Antoninus_Pius","Commodus","http://dbpedia.org/resource/Commodus"
"Commodus","http://dbpedia.org/resource/Commodus","0192-12-31","Marcus Aurelius","http://dbpedia.org/resource/Marcus_Aurelius","Pertinaxx","http://dbpedia.org/resource/Pertinax"
"Pertinax","http://dbpedia.org/resource/Pertinax","0193-03-28","Commodus","http://dbpedia.org/resource/Commodus","Didius Julianus","http://dbpedia.org/resource/Didius_Julianus"
"Septimius Severus","http://dbpedia.org/resource/Septimius_Severus","0211-02-04","Didius Julianus","http://dbpedia.org/resource/Didius_Julianus","Caracallaa","http://dbpedia.org/resource/Caracalla"
"Septimius Severus","http://dbpedia.org/resource/Septimius_Severus","0211-02-04","Didius Julianus","http://dbpedia.org/resource/Didius_Julianus","Publius Septimius Geta","http://dbpedia.org/resource/Publius_Septimius_Geta"
"Geta (emperor)","http://dbpedia.org/resource/Geta_(emperor)","0211-12-26","Septimius Severus","http://dbpedia.org/resource/Septimius_Severus","Caracalla","http://dbpedia.org/resource/Caracalla"
"Geta (emperor)","http://dbpedia.org/resource/Geta_(emperor)","0212-02-12","Septimius Severus","http://dbpedia.org/resource/Septimius_Severus","CCaracalla","http://dbpedia.org/resource/Caracalla"
"Caracalla","http://dbpedia.org/resource/Caracalla","0217-04-08","Septimius Severus","http://dbpedia.org/resource/Septimius_Severus","Macrinuss","http://dbpedia.org/resource/Macrinus"
"Macrinus","http://dbpedia.org/resource/Macrinus","0218-01-01","Caracalla","http://dbpedia.org/resource/Caracalla","Elagabaluss","http://dbpedia.org/resource/Elagabalus"
"Gordian I","http://dbpedia.org/resource/Gordian_I","0238-01-01","Maximinus Thrax","http://dbpedia.org/resource/Maximinus_Thrax","Balbinus","http://dbpedia.org/resource/Balbinus"
"Gordian I","http://dbpedia.org/resource/Gordian_I","0238-01-01","Maximinus Thrax","http://dbpedia.org/resource/Maximinus_Thrax","Pupienus","http://dbpedia.org/resource/Pupienus"
"Gordian II","http://dbpedia.org/resource/Gordian_II","0238-04-12","Maximinus Thrax","http://dbpedia.org/resource/Maximinus_Thrax","Balbinus","http://dbpedia.org/resource/Balbinus"
"Gordian II","http://dbpedia.org/resource/Gordian_II","0238-04-12","Maximinus Thrax","http://dbpedia.org/resource/Maximinus_Thrax","Pupienuss","http://dbpedia.org/resource/Pupienus"
"Maximinus Thrax","http://dbpedia.org/resource/Maximinus_Thrax","0238-05-10","Severus Alexander","http://dbpedia.org/resource/Severus_Alexander","Balbinus","http://dbpedia.org/resource/Balbinus"
"Maximinus Thrax","http://dbpedia.org/resource/Maximinus_Thrax","0238-05-10","Severus Alexander","http://dbpedia.org/resource/Severus_Alexander","Pupienuss","http://dbpedia.org/resource/Pupienus"
"Pupienus","http://dbpedia.org/resource/Pupienus","0238-07-29","Gordian I","http://dbpedia.org/resource/Gordian_I","Gordian III","http://dbpedia.org/resource/Gordian_III"
"Pupienus and Balbinus","http://dbpedia.org/resource/Pupienus_and_Balbinus","0238-07-29","Gordian I","http://dbpedia.org/resource/Gordian_I","Gordian IIII","http://dbpedia.org/resource/Gordian_III"
"Balbinus","http://dbpedia.org/resource/Balbinus","0238-07-29","Gordian I","http://dbpedia.org/resource/Gordian_I","Gordian IIII","http://dbpedia.org/resource/Gordian_III"
"Pupienus","http://dbpedia.org/resource/Pupienus","0238-07-29","Gordian II","http://dbpedia.org/resource/Gordian_II","Gordian III","http://dbpedia.org/resource/Gordian_III"
"Balbinus","http://dbpedia.org/resource/Balbinus","0238-07-29","Gordian II","http://dbpedia.org/resource/Gordian_II","Gordian III","http://dbpedia.org/resource/Gordian_III"
"Pupienus and Balbinus","http://dbpedia.org/resource/Pupienus_and_Balbinus","0238-07-29","Gordian II","http://dbpedia.org/resource/Gordian_II","Gordian IIII","http://dbpedia.org/resource/Gordian_III"
"Gordian III","http://dbpedia.org/resource/Gordian_III","0244-02-11","Balbinus","http://dbpedia.org/resource/Balbinus","Philip the Arabb","http://dbpedia.org/resource/Philip_the_Arab"
"Gordian III","http://dbpedia.org/resource/Gordian_III","0244-02-11","Pupienus","http://dbpedia.org/resource/Pupienus","Philiip the Arab","http://dbpedia.org/resource/Philip_the_Arab"
"Philip the Arab","http://dbpedia.org/resource/Philip_the_Arab","0249-01-01","Gordian III","http://dbpedia.org/resource/Gordian_III","Herennius Etruscus","http://dbpedia.org/resource/Herennius_Etruscus"
"Philip the Arab","http://dbpedia.org/resource/Philip_the_Arab","0249-01-01","Gordian III","http://dbpedia.org/resource/Gordian_III","Deciuss","http://dbpedia.org/resource/Decius"
"Herennius Etruscus","http://dbpedia.org/resource/Herennius_Etruscus","0251-07-01","Philip the Arab","http://dbpedia.org/resource/Philip_the_Arab","Treebonianus Gallus","http://dbpedia.org/resource/Trebonianus_Gallus"
"Herennius Etruscus","http://dbpedia.org/resource/Herennius_Etruscus","0251-07-01","Philip the Arab","http://dbpedia.org/resource/Philip_the_Arab","Hostilian","http://dbpedia.org/resource/Hostilian"
"Decius","http://dbpedia.org/resource/Decius","0251-07-01","Philip the Arab","http://dbpedia.org/resource/Philip_the_Arab","Treboniannus Gallus","http://dbpedia.org/resource/Trebonianus_Gallus"
"Decius","http://dbpedia.org/resource/Decius","0251-07-01","Philip the Arab","http://dbpedia.org/resource/Philip_the_Arab","Hoostilian","http://dbpedia.org/resource/Hostilian"
"Hostilian","http://dbpedia.org/resource/Hostilian","0251-11-01","Herennius Etruscus","http://dbpedia.org/resource/Herennius_Etruscus","Volusianuss","http://dbpedia.org/resource/Volusianus"
"Hostilian","http://dbpedia.org/resource/Hostilian","0251-11-01","Herennius Etruscus","http://dbpedia.org/resource/Herennius_Etruscus","Trebonianus Galluus","http://dbpedia.org/resource/Trebonianus_Gallus"
"Hostilian","http://dbpedia.org/resource/Hostilian","0251-11-01","Decius","http://dbpedia.org/resource/Decius","Volusiannus","http://dbpedia.org/resource/Volusianus"
"Hostilian","http://dbpedia.org/resource/Hostilian","0251-11-01","Decius","http://dbpedia.org/resource/Decius","Trebonianus Gallus","http://dbpedia.org/resource/Trebonianus_Gallus"
"Aemilianus","http://dbpedia.org/resource/Aemilianus","0253-01-01","Volusianus","http://dbpedia.org/resource/Volusianus","Valerian (emperor)","http://dbpedia.org/resource/Valerian_(emperor)"
"Aemilianus","http://dbpedia.org/resource/Aemilianus","0253-01-01","Trebonianus Gallus","http://dbpedia.org/resource/Trebonianus_Gallus","Valeriaan (emperor)","http://dbpedia.org/resource/Valerian_(emperor)"
"Volusianus","http://dbpedia.org/resource/Volusianus","0253-08-01","Herennius Etruscus","http://dbpedia.org/resource/Herennius_Etruscus","Aemilian","http://dbpedia.org/resource/Aemilian"
"Volusianus","http://dbpedia.org/resource/Volusianus","0253-08-01","Decius","http://dbpedia.org/resource/Decius","Aemilian","http://dbpedia.org/resource/Aemilian"
"Trebonianus Gallus","http://dbpedia.org/resource/Trebonianus_Gallus","0253-08-01","Herennius Etruscus","http://dbpedia.org/resource/Herennius_Etruscus","Aemilianus","http://dbpedia.org/resource/Aemilianus"
"Trebonianus Gallus","http://dbpedia.org/resource/Trebonianus_Gallus","0253-08-01","Decius","http://dbpedia.org/resource/Decius","Aemiilianus","http://dbpedia.org/resource/Aemilianus"
"Saloninus","http://dbpedia.org/resource/Saloninus","0260-01-01","Gallienus","http://dbpedia.org/resource/Gallienus","Gallienuss","http://dbpedia.org/resource/Gallienus"
"Quintillus","http://dbpedia.org/resource/Quintillus","0270-01-01","Claudius II","http://dbpedia.org/resource/Claudius_II","Aurelian","http://dbpedia.org/resource/Aurelian"
"Claudius Gothicus","http://dbpedia.org/resource/Claudius_Gothicus","0270-07-01","Gallienus","http://dbpedia.org/resource/Gallienus","Quintillus","http://dbpedia.org/resource/Quintillus"
"Tacitus (emperor)","http://dbpedia.org/resource/Tacitus_(emperor)","0276-06-01","Aurelian","http://dbpedia.org/resource/Aurelian","Florianus","http://dbpedia.org/resource/Florianus"
"Florianus","http://dbpedia.org/resource/Florianus","0276-08-01","Marcus Claudius Tacitus","http://dbpedia.org/resource/Marcus_Claudius_Tacitus","Marcus Aurelius Probuus","http://dbpedia.org/resource/Marcus_Aurelius_Probus"
"Marcus Aurelius Probus","http://dbpedia.org/resource/Marcus_Aurelius_Probus","0282-01-01","Florianus","http://dbpedia.org/resource/Florianus","Caruss","http://dbpedia.org/resource/Carus"
"Carus","http://dbpedia.org/resource/Carus","0283-01-01","Marcus Aurelius Probus","http://dbpedia.org/resource/Marcus_Aurelius_Probus","Carinus","http://dbpedia.org/resource/Carinus"
"Numerian","http://dbpedia.org/resource/Numerian","0284-11-01","Carus","http://dbpedia.org/resource/Carus","Diocletian","http://dbpedia.org/resource/Diocletian"
"Numerian","http://dbpedia.org/resource/Numerian","0284-11-20","Carus","http://dbpedia.org/resource/Carus","Diocletian","http://dbpedia.org/resource/Diocletian"
"Carinus","http://dbpedia.org/resource/Carinus","0285-07-01","Carus","http://dbpedia.org/resource/Carus","Diocletiann","http://dbpedia.org/resource/Diocletian"
"Flavius Valerius Severus","http://dbpedia.org/resource/Flavius_Valerius_Severus","0307-02-16","Constantius I","http://dbpedia.org/resource/Constantius_I","Licinius","http://dbpedia.org/resource/Licinius"
"Flavius Valerius Severus","http://dbpedia.org/resource/Flavius_Valerius_Severus","0307-02-16","Constantius I","http://dbpedia.org/resource/Constantius_I","MMaxentius","http://dbpedia.org/resource/Maxentius"
"Flavius Valerius Severus","http://dbpedia.org/resource/Flavius_Valerius_Severus","0307-09-16","Constantius I","http://dbpedia.org/resource/Constantius_I","Licinnius","http://dbpedia.org/resource/Licinius"
"Flavius Valerius Severus","http://dbpedia.org/resource/Flavius_Valerius_Severus","0307-09-16","Constantius I","http://dbpedia.org/resource/Constantius_I","Maxentius","http://dbpedia.org/resource/Maxentius"
"Maximian","http://dbpedia.org/resource/Maximian","0310-01-01","Carinus","http://dbpedia.org/resource/Carinus","Constantius Chlorus","http://dbpedia.org/resource/Constantius_Chlorus"
"Maximian","http://dbpedia.org/resource/Maximian","0310-01-01","Carinus","http://dbpedia.org/resource/Carinus","Galerius","http://dbpedia.org/resource/Galerius"
"Galerius","http://dbpedia.org/resource/Galerius","0311-05-05","Diocletian","http://dbpedia.org/resource/Diocletian","Licinius","http://dbpedia.org/resource/Licinius"
"Galerius","http://dbpedia.org/resource/Galerius","0311-05-05","Diocletian","http://dbpedia.org/resource/Diocletian","Maximinus III","http://dbpedia.org/resource/Maximinus_II"
"Galerius","http://dbpedia.org/resource/Galerius","0311-05-05","Maximian","http://dbpedia.org/resource/Maximian","Liciniuss","http://dbpedia.org/resource/Licinius"
"Galerius","http://dbpedia.org/resource/Galerius","0311-05-05","Maximian","http://dbpedia.org/resource/Maximian","Maximinus II","http://dbpedia.org/resource/Maximinus_II"
"Galerius","http://dbpedia.org/resource/Galerius","0311-05-05","Diocletian","http://dbpedia.org/resource/Diocletian","Constantine I","http://dbpedia.org/resource/Constantine_I"
"Galerius","http://dbpedia.org/resource/Galerius","0311-05-05","Maximian","http://dbpedia.org/resource/Maximian","Constantine II","http://dbpedia.org/resource/Constantine_I"
"Diocletian","http://dbpedia.org/resource/Diocletian","0311-12-03","Carinus","http://dbpedia.org/resource/Carinus","Constantius Chlorus","http://dbpedia.org/resource/Constantius_Chlorus"
"Diocletian","http://dbpedia.org/resource/Diocletian","0311-12-03","Carinus","http://dbpedia.org/resource/Carinus","Galerius","http://dbpedia.org/resource/Galerius"
"Diocletian","http://dbpedia.org/resource/Diocletian","0312-12-03","Carinus","http://dbpedia.org/resource/Carinus","Constantius Chlorus","http://dbpedia.org/resource/Constantius_Chlorus"
"Diocletian","http://dbpedia.org/resource/Diocletian","0312-12-03","Carinus","http://dbpedia.org/resource/Carinus","Galerius","http://dbpedia.org/resource/Galerius"
"Martinian (Sextus Martinianus)","http://dbpedia.org/resource/Martinian_(Sextus_Martinianus)","0324-01-01","Constantine I","http://dbpedia.org/resource/Constantine_I","Constantine I","http://dbpedia.org/resource/Constantine_I"
"Constantine II (emperor)","http://dbpedia.org/resource/Constantine_II_(emperor)","0340-04-01","Constantine I","http://dbpedia.org/resource/Constantine_I","Constaans","http://dbpedia.org/resource/Constans"
"Constantine II (emperor)","http://dbpedia.org/resource/Constantine_II_(emperor)","0340-04-01","Constantine I","http://dbpedia.org/resource/Constantine_I","Constantius II","http://dbpedia.org/resource/Constantius_II"
"Constans","http://dbpedia.org/resource/Constans","0350-01-18","Constantine I","http://dbpedia.org/resource/Constantine_I","Constantius III","http://dbpedia.org/resource/Constantius_II"
"Magnentius","http://dbpedia.org/resource/Magnentius","0353-08-11","Constans","http://dbpedia.org/resource/Constans","Constantius III","http://dbpedia.org/resource/Constantius_II"
"Constantius II","http://dbpedia.org/resource/Constantius_II","0361-11-03","Constantine I","http://dbpedia.org/resource/Constantine_I","Juliaan (emperor)","http://dbpedia.org/resource/Julian_(emperor)"
"Julian (emperor)","http://dbpedia.org/resource/Julian_(emperor)","0363-06-26","Constantius II","http://dbpedia.org/resource/Constantius_II","Jovian (emperor)","http://dbpedia.org/resource/Jovian_(emperor)"
"Jovian (emperor)","http://dbpedia.org/resource/Jovian_(emperor)","0364-02-17","Julian the Apostate","http://dbpedia.org/resource/Julian_the_Apostate","Valentinian I","http://dbpedia.org/resource/Valentinian_I"
"Valentinian I","http://dbpedia.org/resource/Valentinian_I","0375-11-17","Jovian (Emperor)","http://dbpedia.org/resource/Jovian_(Emperor)","Valenns","http://dbpedia.org/resource/Valens"
"Valentinian I","http://dbpedia.org/resource/Valentinian_I","0375-11-17","Jovian (Emperor)","http://dbpedia.org/resource/Jovian_(Emperor)","Valentinian III","http://dbpedia.org/resource/Valentinian_II"
"Valentinian I","http://dbpedia.org/resource/Valentinian_I","0375-11-17","Jovian (Emperor)","http://dbpedia.org/resource/Jovian_(Emperor)","Gratiann","http://dbpedia.org/resource/Gratian"
"Valens","http://dbpedia.org/resource/Valens","0378-08-09","Valentinian I","http://dbpedia.org/resource/Valentinian_I","Theodosius II","http://dbpedia.org/resource/Theodosius_I"
"Magnus Maximus","http://dbpedia.org/resource/Magnus_Maximus","0388-08-27","Gratian","http://dbpedia.org/resource/Gratian","Theodosius II","http://dbpedia.org/resource/Theodosius_I"
"Valentinian II","http://dbpedia.org/resource/Valentinian_II","0392-05-15","Valentinian I","http://dbpedia.org/resource/Valentinian_I","TTheodosius I","http://dbpedia.org/resource/Theodosius_I"
"Theodosius I","http://dbpedia.org/resource/Theodosius_I","0395-01-17","Valens","http://dbpedia.org/resource/Valens","Arccadius","http://dbpedia.org/resource/Arcadius"
"Theodosius I","http://dbpedia.org/resource/Theodosius_I","0395-01-17","Valens","http://dbpedia.org/resource/Valens","Honorius (emperor)","http://dbpedia.org/resource/Honorius_(emperor)"
"Theodosius I","http://dbpedia.org/resource/Theodosius_I","0395-01-17","Valens","http://dbpedia.org/resource/Valens","Eastern Roman Empiree","http://dbpedia.org/resource/Eastern_Roman_Empire"
"Theodosius I","http://dbpedia.org/resource/Theodosius_I","0395-01-17","Eastern Roman Empire","http://dbpedia.org/resource/Eastern_Roman_Empire","Arcaadius","http://dbpedia.org/resource/Arcadius"
"Theodosius I","http://dbpedia.org/resource/Theodosius_I","0395-01-17","Eastern Roman Empire","http://dbpedia.org/resource/Eastern_Roman_Empire","Honorius (emperor))","http://dbpedia.org/resource/Honorius_(emperor)"
"Theodosius I","http://dbpedia.org/resource/Theodosius_I","0395-01-17","Eastern Roman Empire","http://dbpedia.org/resource/Eastern_Roman_Empire","Eastern Roman Emmpire","http://dbpedia.org/resource/Eastern_Roman_Empire"
"Theodosius I","http://dbpedia.org/resource/Theodosius_I","0395-01-17","Valentinian II","http://dbpedia.org/resource/Valentinian_II","Arcadiuss","http://dbpedia.org/resource/Arcadius"
"Theodosius I","http://dbpedia.org/resource/Theodosius_I","0395-01-17","Valentinian II","http://dbpedia.org/resource/Valentinian_II","Honorius (emperor))","http://dbpedia.org/resource/Honorius_(emperor)"
"Theodosius I","http://dbpedia.org/resource/Theodosius_I","0395-01-17","Valentinian II","http://dbpedia.org/resource/Valentinian_II","Eastern Roman Empire","http://dbpedia.org/resource/Eastern_Roman_Empire"
"Theodosius I","http://dbpedia.org/resource/Theodosius_I","0395-01-17","Gratian","http://dbpedia.org/resource/Gratian","Arcadiius","http://dbpedia.org/resource/Arcadius"
"Theodosius I","http://dbpedia.org/resource/Theodosius_I","0395-01-17","Gratian","http://dbpedia.org/resource/Gratian","Honorius (emperror)","http://dbpedia.org/resource/Honorius_(emperor)"
"Theodosius I","http://dbpedia.org/resource/Theodosius_I","0395-01-17","Gratian","http://dbpedia.org/resource/Gratian","Eastern Roman Empiree","http://dbpedia.org/resource/Eastern_Roman_Empire"
"Theodosius I","http://dbpedia.org/resource/Theodosius_I","0395-01-17","Western Roman Empire","http://dbpedia.org/resource/Western_Roman_Empire","Arcadiuss","http://dbpedia.org/resource/Arcadius"
"Theodosius I","http://dbpedia.org/resource/Theodosius_I","0395-01-17","Western Roman Empire","http://dbpedia.org/resource/Western_Roman_Empire","Honorius (emperoor)","http://dbpedia.org/resource/Honorius_(emperor)"
"Theodosius I","http://dbpedia.org/resource/Theodosius_I","0395-01-17","Western Roman Empire","http://dbpedia.org/resource/Western_Roman_Empire","Eastern Roman Empiree","http://dbpedia.org/resource/Eastern_Roman_Empire"
"Theodosius I","http://dbpedia.org/resource/Theodosius_I","0395-01-17","Valens","http://dbpedia.org/resource/Valens","Western Roman Empiree","http://dbpedia.org/resource/Western_Roman_Empire"
"Theodosius I","http://dbpedia.org/resource/Theodosius_I","0395-01-17","Eastern Roman Empire","http://dbpedia.org/resource/Eastern_Roman_Empire","Western Roman Empiree","http://dbpedia.org/resource/Western_Roman_Empire"
"Theodosius I","http://dbpedia.org/resource/Theodosius_I","0395-01-17","Valentinian II","http://dbpedia.org/resource/Valentinian_II","Western Romann Empire","http://dbpedia.org/resource/Western_Roman_Empire"
"Theodosius I","http://dbpedia.org/resource/Theodosius_I","0395-01-17","Gratian","http://dbpedia.org/resource/Gratian","Western Roman Empire","http://dbpedia.org/resource/Western_Roman_Empire"
"Theodosius I","http://dbpedia.org/resource/Theodosius_I","0395-01-17","Western Roman Empire","http://dbpedia.org/resource/Western_Roman_Empire","Western Roman Empire","http://dbpedia.org/resource/Western_Roman_Empire"
"Julius Nepos","http://dbpedia.org/resource/Julius_Nepos","0480-05-09","Glycerius","http://dbpedia.org/resource/Glycerius","Romulus Augustuss","http://dbpedia.org/resource/Romulus_Augustus"
"Nero","http://dbpedia.org/resource/Nero","1968-06-09","Claudius","http://dbpedia.org/resource/Claudius","Galba","http://dbpedia.org/resource/Galba"
