"Realm / Kingdom","Realm / Kingdom__URI","Monarch","Monarch__URI","Since","Length","House","House__URI","Type","Type__URI","Heir apparent","Heir apparent__URI"
"Principality of Andorra","http://dbpedia.org/resource/Andorra","Co-Prince Emmanuel Macron","http://dbpedia.org/resource/Emmanuel_Macron","14 May 2017","2 years, 204 days","","","Constitutional","","Ex officio","http://dbpedia.org/resource/Paréage_of_Andorra_1278"
"Principality of Andorra","http://dbpedia.org/resource/Andorra","Co-Prince Archbishop Joan Enric Vives Sicília","http://dbpedia.org/resource/Joan_Enric_Vives_Sicília","12 May 2003","16 years, 206 days","","","Constitutional","","Ex officio","http://dbpedia.org/resource/Paréage_of_Andorra_1278"
"Antigua and Barbuda","http://dbpedia.org/resource/Antigua_and_Barbuda","Queen Elizabeth II","http://dbpedia.org/resource/Elizabeth_II","1 November 1981","38 years, 33 days","Windsoor","http://dbpedia.org/resource/House_of_Windsor","Constitutional","http://dbpedia.org/resource/Monarchy_of_Antigua_and_Barbuda","Charles, Prince of Wales","http://dbpedia.org/resource/Charles,_Prince_of_Wales"
"Commonwealth of Australia","http://dbpedia.org/resource/Australia","Queen Elizabeth II","http://dbpedia.org/resource/Elizabeth_II","6 February 1952","67 years, 301 days","Winddsorr","http://dbpedia.org/resource/House_of_Windsor","Constitutional","http://dbpedia.org/resource/Monarchy_of_Australia","Charles, Prince of Wales","http://dbpedia.org/resource/Charles,_Prince_of_Wales"
"Commonwealth of the Bahamas","http://dbpedia.org/resource/The_Bahamas","Queen Elizabeth II","http://dbpedia.org/resource/Elizabeth_II","10 July 1973","46 years, 147 days","Windsoor","http://dbpedia.org/resource/House_of_Windsor","Constitutional","http://dbpedia.org/resource/Monarchy_of_the_Bahamas","Charles, Prince of Wales","http://dbpedia.org/resource/Charles,_Prince_of_Wales"
"Barbados","http://dbpedia.org/resource/Barbados","Queen Elizabeth II","http://dbpedia.org/resource/Elizabeth_II","30 November 1966","53 years, 4 days","Windsor","http://dbpedia.org/resource/House_of_Windsor","Constitutional","http://dbpedia.org/resource/Monarchy_of_Barbados","Charles, Prince of Wales","http://dbpedia.org/resource/Charles,_Prince_of_Wales"
"Belize","http://dbpedia.org/resource/Belize","Queen Elizabeth II","http://dbpedia.org/resource/Elizabeth_II","21 September 1981","38 years, 74 days","Windsorr","http://dbpedia.org/resource/House_of_Windsor","Constitutional","http://dbpedia.org/resource/Monarchy_of_Belize","Charles, Prince of Wales","http://dbpedia.org/resource/Charles,_Prince_of_Wales"
"Canada","http://dbpedia.org/resource/Canada","Queen Elizabeth II","http://dbpedia.org/resource/Elizabeth_II","6 February 1952","67 years, 301 days","Windsorrr","http://dbpedia.org/resource/House_of_Windsor","Constitutional","http://dbpedia.org/resource/Monarchy_of_Canada","Charles, Prince of Wales","http://dbpedia.org/resource/Charles,_Prince_of_Wales"
"Grenada","http://dbpedia.org/resource/Grenada","Queen Elizabeth II","http://dbpedia.org/resource/Elizabeth_II","7 February 1974","45 years, 300 days","Windsorrr","http://dbpedia.org/resource/House_of_Windsor","Constitutional","http://dbpedia.org/resource/Monarchy_of_Grenada","Charles, Prince of Wales","http://dbpedia.org/resource/Charles,_Prince_of_Wales"
"Jamaica","http://dbpedia.org/resource/Jamaica","Queen Elizabeth II","http://dbpedia.org/resource/Elizabeth_II","6 August 1962","57 years, 120 days","Windsorrr","http://dbpedia.org/resource/House_of_Windsor","Constitutional","http://dbpedia.org/resource/Monarchy_of_Jamaica","Charles, Prince of Wales","http://dbpedia.org/resource/Charles,_Prince_of_Wales"
"New Zealand","http://dbpedia.org/resource/Realm_of_New_Zealand","Queen Elizabeth II","http://dbpedia.org/resource/Elizabeth_II","6 February 1952","67 years, 301 days","Wiindsor","http://dbpedia.org/resource/House_of_Windsor","Constitutional","http://dbpedia.org/resource/Monarchy_of_New_Zealand","Charles, Prince of Wales","http://dbpedia.org/resource/Charles,_Prince_of_Wales"
"Independent State of Papua New Guinea","http://dbpedia.org/resource/Papua_New_Guinea","Queen Elizabeth II","http://dbpedia.org/resource/Elizabeth_II","16 September 1975","44 years, 79 days","Windsorr","http://dbpedia.org/resource/House_of_Windsor","Constitutional","http://dbpedia.org/resource/Monarchy_of_Papua_New_Guinea","Charles, Prince of Wales","http://dbpedia.org/resource/Charles,_Prince_of_Wales"
"Federation of Saint Kitts and Nevis","http://dbpedia.org/resource/Saint_Kitts_and_Nevis","Queen Elizabeth II","http://dbpedia.org/resource/Elizabeth_II","19 September 1983","36 years, 76 days","Windsor","http://dbpedia.org/resource/House_of_Windsor","Constitutional","http://dbpedia.org/resource/Monarchy_of_Saint_Kitts_and_Nevis","Charles, Prince of Wales","http://dbpedia.org/resource/Charles,_Prince_of_Wales"
"Saint Lucia","http://dbpedia.org/resource/Saint_Lucia","Queen Elizabeth II","http://dbpedia.org/resource/Elizabeth_II","22 February 1979","40 years, 285 days","Windsor","http://dbpedia.org/resource/House_of_Windsor","Constitutional","http://dbpedia.org/resource/Monarchy_of_Saint_Lucia","Charles, Prince of Wales","http://dbpedia.org/resource/Charles,_Prince_of_Wales"
"Saint Vincent and the Grenadines","http://dbpedia.org/resource/Saint_Vincent_and_the_Grenadines","Queen Elizabeth II","http://dbpedia.org/resource/Elizabeth_II","27 October 1979","40 years, 285 days","Windsorr","http://dbpedia.org/resource/House_of_Windsor","Constitutional","http://dbpedia.org/resource/Monarchy_of_Saint_Vincent_and_the_Grenadines","Charles, Prince of Wales","http://dbpedia.org/resource/Charles,_Prince_of_Wales"
"Solomon Islands","http://dbpedia.org/resource/Solomon_Islands","Queen Elizabeth II","http://dbpedia.org/resource/Elizabeth_II","7 July 1978","41 years, 150 days","Windsorr","http://dbpedia.org/resource/House_of_Windsor","Constitutional","http://dbpedia.org/resource/Monarchy_of_the_Solomon_Islands","Charles, Prince of Wales","http://dbpedia.org/resource/Charles,_Prince_of_Wales"
"Tuvalu","http://dbpedia.org/resource/Tuvalu","Queen Elizabeth II","http://dbpedia.org/resource/Elizabeth_II","1 October 1978","41 years, 64 days","Windsorr","http://dbpedia.org/resource/House_of_Windsor","Constitutional","http://dbpedia.org/resource/Monarchy_of_Tuvalu","Charles, Prince of Wales","http://dbpedia.org/resource/Charles,_Prince_of_Wales"
"United Kingdom of Great Britain and Northern Ireland","http://dbpedia.org/resource/United_Kingdom","Queen Elizabeth II","http://dbpedia.org/resource/Elizabeth_II","6 February 1952","67 years, 301 days","WWindsor","http://dbpedia.org/resource/House_of_Windsor","Constitutional","http://dbpedia.org/resource/Monarchy_of_the_United_Kingdom","Charles, Prince of Wales","http://dbpedia.org/resource/Charles,_Prince_of_Wales"
"Kingdom of Bahrain","http://dbpedia.org/resource/Bahrain","King Hamad bin Isa","http://dbpedia.org/resource/Hamad_bin_Isa_Al_Khalifa","6 March 1999","20 years, 273 days","Al Khalifahhh","http://dbpedia.org/resource/House_of_Khalifa","Mixed","http://dbpedia.org/resource/Mixed_government","Salman, Crown Prince of Bahrain","http://dbpedia.org/resource/Salman,_Crown_Prince_of_Bahrain"
"Kingdom of Belgium","http://dbpedia.org/resource/Belgium","King Philippe","http://dbpedia.org/resource/Philippe_of_Belgium","21 July 2013","6 years, 136 days","Saxe-Coburg and Gotthaa","http://dbpedia.org/resource/House_of_Saxe-Coburg_and_Gotha","Constitutional","http://dbpedia.org/resource/Monarchy_of_Belgium","Princess Elisabeth, Duchess of Brabant","http://dbpedia.org/resource/Princess_Elisabeth,_Duchess_of_Brabant"
"Kingdom of Bhutan","http://dbpedia.org/resource/Bhutan","King Jigme Khesar Namgyel","http://dbpedia.org/resource/Jigme_Khesar_Namgyel_Wangchuck","14 December 2006","12 years, 354 days","Wangchuck","http://dbpedia.org/resource/House_of_Wangchuck","Constitutional","http://dbpedia.org/resource/Monarchy_of_Bhutan","Jigme Namgyel","http://dbpedia.org/resource/Jigme_Namgyel_Wangchuck"
"Brunei Darussalam","http://dbpedia.org/resource/Brunei","Sultan Hassanal Bolkiah","http://dbpedia.org/resource/Hassanal_Bolkiah","4 October 1967","52 years, 61 days","Bolkiahhh","http://dbpedia.org/resource/House_of_Bolkiah","Absolute","http://dbpedia.org/resource/Absolute_monarchy","Al-Muhtadee Billah","http://dbpedia.org/resource/Al-Muhtadee_Billah"
"Kingdom of Cambodia","http://dbpedia.org/resource/Cambodia","King Norodom Sihamoni","http://dbpedia.org/resource/Norodom_Sihamoni","14 October 2004","15 years, 51 days","Norodommm","http://dbpedia.org/resource/House_of_Norodom","Constitutional","http://dbpedia.org/resource/Monarchy_of_Cambodia","Hereditary and elective","http://dbpedia.org/resource/Line_of_succession_to_the_Cambodian_throne"
"Kingdom of Denmark","http://dbpedia.org/resource/Denmark","Queen Margrethe II","http://dbpedia.org/resource/Margrethe_II_of_Denmark","14 January 1972","47 years, 324 days","Glücksburgg","http://dbpedia.org/resource/House_of_Glücksburg","Constitutional","http://dbpedia.org/resource/Monarchy_of_Denmark","Frederik, Crown Prince of Denmark","http://dbpedia.org/resource/Frederik,_Crown_Prince_of_Denmark"
"Kingdom of Eswatini","http://dbpedia.org/resource/Swaziland","King Mswati III","http://dbpedia.org/resource/Mswati_III","25 April 1986","33 years, 223 days","Dlaminii","http://dbpedia.org/resource/House_of_Dlamini","Absolute","http://dbpedia.org/resource/Absolute_monarchy","Hereditary and elective","http://dbpedia.org/resource/Succession_to_the_Swazi_throne"
"Japan","http://dbpedia.org/resource/Japan","Emperor Naruhito","http://dbpedia.org/resource/Naruhito","1 May 2019","217 days","Yamatoo","http://dbpedia.org/resource/Imperial_House_of_Japan","Constitutional","http://dbpedia.org/resource/Emperor_of_Japan","Fumihito, Prince Akishino","http://dbpedia.org/resource/Fumihito,_Prince_Akishino"
"Hashemite Kingdom of Jordan","http://dbpedia.org/resource/Jordan","King Abdullah II","http://dbpedia.org/resource/Abdullah_II_of_Jordan","7 February 1999","20 years, 300 days","Hāshiimm","http://dbpedia.org/resource/Hashemites","Constitutional","","Hereditary and elective","http://dbpedia.org/resource/Line_of_succession_to_the_Jordanian_throne"
"State of Kuwait","http://dbpedia.org/resource/Kuwait","Emir Sabah al-Ahmad","http://dbpedia.org/resource/Sabah_Al-Ahmad_Al-Jaber_Al-Sabah","29 January 2006","13 years, 309 days","AAl Sabahh","http://dbpedia.org/resource/House_of_Sabah","Constitutional","http://dbpedia.org/resource/Emir_of_Kuwait","Hereditary and elective",""
"Kingdom of Lesotho","http://dbpedia.org/resource/Lesotho","King Letsie III","http://dbpedia.org/resource/Letsie_III_of_Lesotho","7 February 1996","29 years, 22 days","Mosheesh","http://dbpedia.org/resource/Category:House_of_Moshesh","Constitutional","","Lerotholi Seeiso","http://dbpedia.org/resource/Lerotholi_Seeiso"
"Principality of Liechtenstein","http://dbpedia.org/resource/Liechtenstein","Prince Regnant Hans-Adam II","http://dbpedia.org/resource/Hans-Adam_II,_Prince_of_Liechtenstein","13 November 1989","30 years, 21 days","Liechtensteinnn","http://dbpedia.org/resource/Princely_Family_of_Liechtenstein","Constitutional","http://dbpedia.org/resource/Monarchy_of_Liechtenstein","The Hereditary Prince Alois","http://dbpedia.org/resource/Alois,_Hereditary_Prince_of_Liechtenstein"
"Grand Duchy of Luxembourg","http://dbpedia.org/resource/Luxembourg","Grand Duke Henri","http://dbpedia.org/resource/Henri,_Grand_Duke_of_Luxembourg","7 October 2000","19 years, 58 days","Luxembourg-Nassau","http://dbpedia.org/resource/Grand_Ducal_Family_of_Luxembourg","Constitutional","http://dbpedia.org/resource/Monarchy_of_Luxembourg","Guillaume, Hereditary Grand Duke of Luxembourg","http://dbpedia.org/resource/Guillaume,_Hereditary_Grand_Duke_of_Luxembourg"
"Malaysia","http://dbpedia.org/resource/Malaysia","Yang di-Pertuan Agong Abdullah","http://dbpedia.org/resource/Abdullah_of_Pahang","31 January 2019","307 days","Pahanngg","http://dbpedia.org/resource/Pahang","Constitutional","http://dbpedia.org/resource/Constitution_of_Malaysia","Elective","http://dbpedia.org/resource/Monarchies_of_Malaysia"
"Principality of Monaco","http://dbpedia.org/resource/Monaco","Sovereign Prince Albert II","http://dbpedia.org/resource/Albert_II,_Prince_of_Monaco","6 April 2005","14 years, 242 days","Grimaldiii","http://dbpedia.org/resource/House_of_Grimaldi","Constitutional","http://dbpedia.org/resource/Monarchy_of_Monaco","Jacques, Hereditary Prince of Monaco","http://dbpedia.org/resource/Jacques,_Hereditary_Prince_of_Monaco"
"Kingdom of Morocco","http://dbpedia.org/resource/Morocco","King Mohammed VI","http://dbpedia.org/resource/Mohammed_VI_of_Morocco","23 July 1999","20 years, 134 days","Alawwii","http://dbpedia.org/resource/Alaouite_dynasty","Constitutional","","Moulay Hassan, Crown Prince of Morocco","http://dbpedia.org/resource/Moulay_Hassan,_Crown_Prince_of_Morocco"
"Kingdom of the Netherlands","http://dbpedia.org/resource/Kingdom_of_the_Netherlands","King Willem-Alexander","http://dbpedia.org/resource/Willem-Alexander_of_the_Netherlands","30 April 2013","6 years, 218 days","Orrange-Nassauu","http://dbpedia.org/resource/House_of_Orange-Nassau","Constitutional","http://dbpedia.org/resource/Monarchy_of_the_Netherlands","Catharina-Amalia, Princess of Orange","http://dbpedia.org/resource/Catharina-Amalia,_Princess_of_Orange"
"Kingdom of Norway","http://dbpedia.org/resource/Norway","King Harald V","http://dbpedia.org/resource/Harald_V_of_Norway","17 January 1991","28 years, 321 days","Glücksburggg","http://dbpedia.org/resource/House_of_Glücksburg","Constitutional","http://dbpedia.org/resource/Monarchy_of_Norway","Haakon, Crown Prince of Norway","http://dbpedia.org/resource/Haakon,_Crown_Prince_of_Norway"
"Sultanate of Oman","http://dbpedia.org/resource/Oman","Sultan Qaboos bin Said","http://dbpedia.org/resource/Qaboos_bin_Said_al_Said","23 July 1970","49 years, 134 days","Al Saiidd","http://dbpedia.org/resource/Al_Said","Absolute","http://dbpedia.org/resource/Absolute_monarchy","Unknown, yet hereditary",""
"State of Qatar","http://dbpedia.org/resource/Qatar","Emir Tamim bin Hamad","http://dbpedia.org/resource/Tamim_bin_Hamad_Al_Thani","25 June 2013","6 years, 162 days","Al Thaniii","http://dbpedia.org/resource/House_of_Thani","Mixed","http://dbpedia.org/resource/Mixed_government","Abdullah bin Hamad","http://dbpedia.org/resource/Abdullah_bin_Hamad_bin_Khalifa_Al_Thani"
"Kingdom of Saudi Arabia","http://dbpedia.org/resource/Saudi_Arabia","King Salman bin Abdulaziz","http://dbpedia.org/resource/Salman_of_Saudi_Arabia","23 January 2015","4 years, 315 days","Al Saudd","http://dbpedia.org/resource/House_of_Saud","Absolute theocracy","","Mohammad bin Salman","http://dbpedia.org/resource/Mohammad_bin_Salman"
"Kingdom of Spain","http://dbpedia.org/resource/Spain","King Felipe VI","http://dbpedia.org/resource/Felipe_VI_of_Spain","19 June 2014","5 years, 168 days","Bourbonnn","http://dbpedia.org/resource/House_of_Bourbon","Constitutional","http://dbpedia.org/resource/Monarchy_of_Spain","Leonor, Princess of Asturias","http://dbpedia.org/resource/Leonor,_Princess_of_Asturias"
"Kingdom of Sweden","http://dbpedia.org/resource/Sweden","King Carl XVI Gustaf","http://dbpedia.org/resource/Carl_XVI_Gustaf_of_Sweden","15 September 1973","46 years, 80 days","Bernadottee","http://dbpedia.org/resource/House_of_Bernadotte","Constitutional","http://dbpedia.org/resource/Monarchy_of_Sweden","Victoria, Crown Princess of Sweden","http://dbpedia.org/resource/Victoria,_Crown_Princess_of_Sweden"
"Kingdom of Thailand","http://dbpedia.org/resource/Thailand","King Vajiralongkorn","http://dbpedia.org/resource/Vajiralongkorn","13 October 2016","3 years, 52 days","Chakriii","http://dbpedia.org/resource/Chakri_Dynasty","Constitutional","http://dbpedia.org/resource/Monarchy_of_Thailand","Dipangkorn Rasmijoti","http://dbpedia.org/resource/Dipangkorn_Rasmijoti"
"Kingdom of Tonga","http://dbpedia.org/resource/Tonga","King Tupou VI","http://dbpedia.org/resource/Tupou_VI","18 March 2012","7 years, 261 days","Tupoouu","http://dbpedia.org/resource/List_of_monarchs_of_Tonga","Constitutional","","Tupoutoʻa ʻUlukalala","http://dbpedia.org/resource/Tupoutoʻa_ʻUlukalala"
"United Arab Emirates","http://dbpedia.org/resource/United_Arab_Emirates","President Khalifa bin Zayed","http://dbpedia.org/resource/Khalifa_bin_Zayed_Al_Nahyan","3 November 2004","15 years, 31 days","Al Nahyaann","http://dbpedia.org/resource/Al_Nahyan_family","Mixed","http://dbpedia.org/resource/Mixed_government","Elective and hereditary","http://dbpedia.org/resource/Federal_Supreme_Council_(United_Arab_Emirates)"
"Vatican City State","http://dbpedia.org/resource/Vatican_City","Pope Francis","http://dbpedia.org/resource/Pope_Francis","13 March 2013","6 years, 266 days","","","Absolute theocracy","http://dbpedia.org/resource/Papacy","Unknown (elective)","http://dbpedia.org/resource/Papal_conclave"
