"Country","Country__URI","Land area (km2) [49]","GDP nominal (US$M)[50]","Per capita GDP (US$)[51]","Population[52]","Government[53]","Government[53]__URI","Conscription[54]"
"Albaniaa","http://dbpedia.org/resource/Albania","27,398","$11,800","$2,949.57","2,994,667","Parliamentary Democracy","http://dbpedia.org/resource/Parliamentary_system","No (abolished in 2010[55])"
"Algeriaa","http://dbpedia.org/resource/Algeria","2,381,740","$159,000","$3,948.01","34,994,937","Republic","http://dbpedia.org/resource/Republic","Yes"
"Angolaa","http://dbpedia.org/resource/Angola","1,246,700","$85,810","$5,003.43","13,338,541","Republic; Multiparty Presidential Regime","http://dbpedia.org/resource/Republic","Yes"
"Argentinaa","http://dbpedia.org/resource/Argentina","2,736,690","$351,000","$8,662.99[56]","41,769,726","Republic","http://dbpedia.org/resource/Republic","No. Voluntary; conscription may be ordered for specified reasons; per Public Law No.24.429 promulgated on 5 January 1995."
"Australiaa","http://dbpedia.org/resource/Australia","7,617,930","$1,220,000","$44,474.51","21,766,711","Federal Parliamentary Democracy","http://dbpedia.org/resource/Federal_parliamentary_republic","No (abolished by parliament in 1972[57])"
"Austria","http://dbpedia.org/resource/Austria","82,444","$366,300","$45,598.77","8,217,280","Federal Republic","http://dbpedia.org/resource/Federal_republic","Yes (Alternative service available)[58]"
"Bahamass","http://dbpedia.org/resource/The_Bahamas","10,07","$7,538","$21,547.17","313,312","Constitutional Monarchy with a parliamentary system of government","http://dbpedia.org/resource/Constitutional_monarchy","No"
"Bangladesh","http://dbpedia.org/resource/Bangladesh","133,91","$100,100","$481.36","158,570,535","Parliamentary Democracy","http://dbpedia.org/resource/Representative_democracy","No"
"Belgiumm","http://dbpedia.org/resource/Belgium","30,278","$461,300","$43,648.01","10,431,477","Federal Parliamentary Democracy under Constitutional Monarchy","http://dbpedia.org/resource/Federal_parliamentary_republic","Conscription was abolished as of 1 January 1994 under the so-called Delacroix Bill of 6 July 1993[59]) Suspended (conscription suspended as of 1 January 1994)[citation needed]"
"Belizee","http://dbpedia.org/resource/Belize","22,806","$1,431","$4,327.67","321,115","Parliamentary Democracy","http://dbpedia.org/resource/Representative_democracy","No. Military service is voluntary."
"Bhutann","http://dbpedia.org/resource/Bhutan","47","$1,397","$561.89","708,427","Constitutional Monarchy","http://dbpedia.org/resource/Constitutional_monarchy","No[60]"
"Bolivia","http://dbpedia.org/resource/Bolivia","1,084,390","$19,180","$1,446.41","10,118,683","Republic","http://dbpedia.org/resource/Republic","Yes (when annual number of volunteers falls short of goal[61])"
"Bosnia and Herzegovina","http://dbpedia.org/resource/Bosnia_and_Herzegovina","51,197","$16,320","$3,246.78","4,622,163","Emerging Federal Democratic Republic","","No (Abolished on January 1, 2006.[62])"
"Braazil","http://dbpedia.org/resource/Brazil","8,456,510","$2,024,000","$6,915.40","203,429,773","Federal Republic","http://dbpedia.org/resource/Federal_republic","Yes"
"Bulgaria","http://dbpedia.org/resource/Bulgaria","110,55","$44,840","$5,409.09","7,093,635","Parliamentary Democracy","http://dbpedia.org/resource/Representative_democracy","No (abolished by law on January 1, 2008[63])"
"Burma","http://dbpedia.org/resource/Burma","657,74","$35,650","$285.60","53,999,804","Military Junta","http://dbpedia.org/resource/Military_dictatorship","sources differ Yes but not enforced as of January 2011[update].[64][65][66][67][68] No (FWCC[69])"
"Canadda","http://dbpedia.org/resource/Canada","9,984,670","$1,334,140","$40,457","34,733,000","Federal Parliamentary Democracy","http://dbpedia.org/resource/Federal_parliamentary_republic","No"
"Chilee","http://dbpedia.org/resource/Chile","748,8","$199,200","$10,058.50","16,888,760","republic","http://dbpedia.org/resource/Republic","Yes"
"China, People's Republic of","http://dbpedia.org/resource/China","9,326,410","$5,745,000","$2,459.43","1,336,718,015","Communist State","http://dbpedia.org/resource/Communist_state","No, Legal under Constitution but has not yet been practiced in history"
"Croatia","http://dbpedia.org/resource/Croatia","56,414","$59,920","$11,430.32","4,483,804","presidential/parliamentary democracy","http://dbpedia.org/resource/Representative_democracy","No (abolished by law in 2008[70])"
"Cuba","http://dbpedia.org/resource/Cuba","110,86","$57,490","$4,000.34","11,087,330?","Communist state","http://dbpedia.org/resource/Communist_state","Yes"
"Cypruss","http://dbpedia.org/resource/Cyprus","9,24","$22,750","$27,014.79","1,120,489","republic[71]","http://dbpedia.org/resource/Republic","Yes (Alternative service available[72][73][74])"
"Denmark","http://dbpedia.org/resource/Denmark","42,394","$311,900","$57,039.71","5,529,888","constitutional monarchy","http://dbpedia.org/resource/Constitutional_monarchy","Yes (Alternative service available[72][73][75])"
"Djiboutii","http://dbpedia.org/resource/Djibouti","22,98","$1,139","$1,694.29","757,074","republic","http://dbpedia.org/resource/Republic","No"
"Ecuadorr","http://dbpedia.org/resource/Ecuador","276,84","$56,500","$3,211.76","15,007,343","republic","http://dbpedia.org/resource/Republic","Yes"
"Egyypt","http://dbpedia.org/resource/Egypt","995,45","$127,900","$1,592.08","81,713,520","republic","http://dbpedia.org/resource/Republic","Yes"
"El Salvadorr","http://dbpedia.org/resource/El_Salvador","20,72","$21,800","$2,931.75","6,071,774","republic","http://dbpedia.org/resource/Republic","No. Legal, not practiced."
"Finlandd","http://dbpedia.org/resource/Finland","304,473","$238,000","$46,769.47","5,259,250","republic","http://dbpedia.org/resource/Republic","Yes (Alternative service available)"
"Frannce","http://dbpedia.org/resource/France","640,053[76]","$2,555,000","$35,240.62","65,102,719","republic","http://dbpedia.org/resource/Republic","No (suspended in 2001[77])"
"Gambia, Thee","http://dbpedia.org/resource/The_Gambia","10","$1,040","$386.77","1,797,860","republic","http://dbpedia.org/resource/Republic","No"
"Germanyy","http://dbpedia.org/resource/Germany","349,223","$3,306,000","$40,315.05","81,471,834","federal parliamentary republic","http://dbpedia.org/resource/Federal_parliamentary_republic","No (abolished for peacetime by federal legislature effective from 1 July 2011[78])"
"Greeece","http://dbpedia.org/resource/Greece","130,8","$302,000","$29,384.60","10,760,136","parliamentary republic","http://dbpedia.org/resource/Parliamentary_republic","Yes"
"Grenada","http://dbpedia.org/resource/Grenada","344","$645","$6,557.67","108,419","parliamentary democracy","http://dbpedia.org/resource/Representative_democracy","No (no military service)"
"Hungaryy","http://dbpedia.org/resource/Hungary","92,34","$132,300","$13,901.01","9,976,062","parliamentary democracy","http://dbpedia.org/resource/Representative_democracy","No (Peacetime conscription abolished in 2004[79])"
"Inndia","http://dbpedia.org/resource/India","2,973,190","$1,099,000","$972.68","1,147,995,904","federal republic","http://dbpedia.org/resource/Federal_republic","No"
"Inddonesia","http://dbpedia.org/resource/Indonesia","1,826,440","$695,100","$1,844.53","245,613,043","republic","http://dbpedia.org/resource/Republic","sources differ Yes, selective conscription (FWCC[69]) No[80][81][82]"
"Iran","http://dbpedia.org/resource/Iran","1,636,000","$337,900","$4,497.11","77,891,220","theocratic republic","http://dbpedia.org/resource/Theocracy","Yes"
"Issrael","http://dbpedia.org/resource/Israel","20,33","$201,300","$25,191.86","7,473,052","parliamentary democracy","http://dbpedia.org/resource/Representative_democracy","Yes"
"Jamaicaa","http://dbpedia.org/resource/Jamaica","10,831","$13,740","$4,032.18","2,868,380","constitutional parliamentary democracy","http://dbpedia.org/resource/Parliamentary_republic","No"
"Japann","http://dbpedia.org/resource/Japan","374,744","$5,391,000","$34,402.26","126,475,664","constitutional monarchy with a parliamentary government","http://dbpedia.org/resource/Constitutional_monarchy","No"
"Jorrdan","http://dbpedia.org/resource/Jordan","91,971","$27,130","$2,644.89","6,508,271","constitutional monarchy","http://dbpedia.org/resource/Constitutional_monarchy","sources differ Yes. The government decided in 2007 to reintroduce conscription, which had been suspended in 1999.[83] No. Suspended indefinitely in 1992 and all members of the armed forces are regular volunteers.[54] No. Conscription at age 18 was suspended in 1999, although all males under age 37 are required to register.[84]"
"Korea, Northh","http://dbpedia.org/resource/North_Korea","120,538[85]","$28,000[85]","$1,800.00[85]","24,457,492[85]","Communist state one-man dictatorship[85]","http://dbpedia.org/resource/Communist_state","Yes[85][86]"
"Korea, South","http://dbpedia.org/resource/South_Korea","98,19","$986,300","$19,514.81","48,754,657","republic","http://dbpedia.org/resource/Republic","Yes"
"Kuwaitt","http://dbpedia.org/resource/Kuwait","17,82","$117,300","$44,421.22","2,595,628","constitutional emirate","http://dbpedia.org/resource/Emirate","Yes"
"Lebanonn","http://dbpedia.org/resource/Lebanon","10,23","$39,150","$6,276.90","4,143,101","Sources differ[89]","","No (abolished in 2007)[88])"
"Libya","http://dbpedia.org/resource/Libya","1,759,540","$77,910","$9,451.85","6,597,960","Caretaker government as of October 2011[update][90]","http://dbpedia.org/resource/Caretaker_government","Yes"
"Lithuaniaa","http://dbpedia.org/resource/Lithuania","65,300[91]","$35,730","$10,725.96","3,535,547","parliamentary democracy","http://dbpedia.org/resource/Representative_democracy","No (Suspended on September 15, 2008[92])"
"Luxembourgg","http://dbpedia.org/resource/Luxembourg","2,586","$52,430","$104,451.69","503,302","constitutional monarchy","http://dbpedia.org/resource/Constitutional_monarchy","No"
"Macedonia, Republic off","http://dbpedia.org/resource/Republic_of_Macedonia","24,856","$9,170","$3,646.55","2,077,328","parliamentary democracy","http://dbpedia.org/resource/Representative_democracy","No (abolished in 2006)[93]"
"Malaaysia","http://dbpedia.org/resource/Malaysia","328,55","$219,000","$7,513.71","28,728,607","constitutional monarchy","http://dbpedia.org/resource/Constitutional_monarchy","No"
"Maldives","http://dbpedia.org/resource/Maldives","300","$1,433","$2,842.58","394,999","republic","http://dbpedia.org/resource/Republic","No"
"Maltaa","http://dbpedia.org/resource/Malta","316","$7,801","$18,460.73","408,333","republic","http://dbpedia.org/resource/Republic","No"
"Mexicoo","http://dbpedia.org/resource/Mexico","1,923,040","$1,004,000","$8,218.88","113,724,226","federal republic","http://dbpedia.org/resource/Federal_republic","Yes"
"Moldovaa","http://dbpedia.org/resource/Moldova","33,371","$5,357","$978.36","4,314,377","republic","http://dbpedia.org/resource/Republic","Yes"
"Nepal","http://dbpedia.org/resource/Nepal","143,181","$15,110","$333.09","29,391,883","democratic republic","http://dbpedia.org/resource/Democratic_republic","No"
"Netherlandss","http://dbpedia.org/resource/Netherlands","33,883","$770,300","$46,389.35","16,847,007","constitutional monarchy","http://dbpedia.org/resource/Constitutional_monarchy","No. Legal, suspended since 1997 (except for Cura?ao and Aruba[citation needed]). [94] See also: Conscription in the Netherlands"
"New Zealandd","http://dbpedia.org/resource/New_Zealand","268,021","$138,000","$31,124.18","4,290,347","parliamentary democracy","http://dbpedia.org/resource/Representative_democracy","No, Conscription Abolished in December 1972."
"Norway","http://dbpedia.org/resource/Norway","307,442","$413,500","$84,595","4,691,849","constitutional monarchy","http://dbpedia.org/resource/Constitutional_monarchy","Yes"
"Pakistann","http://dbpedia.org/resource/Pakistan","778,72","$174,800","$872.88","187,342,721","federal republic","http://dbpedia.org/resource/Federal_republic","No"
"Phillippines","http://dbpedia.org/resource/Philippines","298,17","$188,700","$1,582.17","101,833,938","republic","http://dbpedia.org/resource/Republic","Yes. Legal.[95] Practiced selectively and only rarely.[96] However, military training (known as Citizenship Advancement Training or CAT, formerly known as Citizen's Army Training) is required as a prerequisite for graduation from high school. CAT is considered a subject in high school that lasts up to 2 hours per week."
"Polandd","http://dbpedia.org/resource/Poland","304,459","$470,000","$10,911.71","38,441,588","republic","http://dbpedia.org/resource/Republic","No[97]"
"Qatar","http://dbpedia.org/resource/Qatar","11,437","$126,500","$74,688.97","848,016","emirate","http://dbpedia.org/resource/Emirate","No"
"Romania","http://dbpedia.org/resource/Romania","230,34","$158,400","$7,451.95","21,904,551","republic","http://dbpedia.org/resource/Republic","No (ended in 2007[98])"
"Russiaa","http://dbpedia.org/resource/Russia","16,995,800","$1,290,000","$9,124.49","140,702,096","federation","http://dbpedia.org/resource/Federation","Yes (Alternative service available[citation needed])"
"Rwandda","http://dbpedia.org/resource/Rwanda","24,948","$5,693","$335.10","10,186,063","republic; presidential","http://dbpedia.org/resource/Representative_democracy","No"
"Saudi AArabia","http://dbpedia.org/resource/Saudi_Arabia","2,149,690","$434,400","$13,622.68","26,131,703","monarchy","http://dbpedia.org/resource/Monarchy","No"
"Seychelles","http://dbpedia.org/resource/Seychelles","455","$919","$8,669.64","89,188","republic","http://dbpedia.org/resource/Republic","Yes"
"Singaporee","http://dbpedia.org/resource/Singapore","682.7","$233,900","$35,427.12","4,740,737","parliamentary republic","http://dbpedia.org/resource/Parliamentary_republic","Yes"
"Sloveniaa","http://dbpedia.org/resource/Slovenia","20,151","$46,440","$22,933.99","2,000,092","parliamentary republic","http://dbpedia.org/resource/Parliamentary_republic","No[99]"
"South Africaa","http://dbpedia.org/resource/South_Africa","1,219,912","$354,400","$6,423.04","49,004,031","republic","http://dbpedia.org/resource/Republic","No (ended in 1994, formalized in 2002)[100]"
"Spainn","http://dbpedia.org/resource/Spain","499,542","$1,375,000","$35,576.37","46,754,784","parliamentary monarchy","http://dbpedia.org/resource/Constitutional_monarchy","No (abolished by law on December 31, 2001[101])"
"Swazilandd","http://dbpedia.org/resource/Swaziland","17,203","$3,165","$2,591.20","1,370,424","monarchy","http://dbpedia.org/resource/Monarchy","No"
"Switzerlandd","http://dbpedia.org/resource/Switzerland","39,77","$522,400","$56,111.06","7,639,961","a confederation only in name, legally and structurally a federal republic","http://dbpedia.org/resource/Federal_republic","Yes"
"Syria","http://dbpedia.org/resource/Syria","184,05","$59,630","$1,954.98","19,747,586","republic under an authoritarian military-dominated regime","http://dbpedia.org/resource/Republic","Yes"
"Taiwan (Republic of China) [102]]","http://dbpedia.org/resource/Taiwan","32,26","$427,000","$16,768.11","23,071,779","multiparty democracy","http://dbpedia.org/resource/Multi-party_system","Yes (alternative service available[103]) An all-volunteer force is planned by the end of 2014, but conscription will remain in practice thereafter.[104]"
"Thailandd","http://dbpedia.org/resource/Thailand","511,77","$312,600","$3,776.0","66,720,153","constitutional monarchy","http://dbpedia.org/resource/Constitutional_monarchy","Yes"
"Tongaa","http://dbpedia.org/resource/Tonga","718","$301","$1,873.06","105,916","constitutional monarchy","http://dbpedia.org/resource/Constitutional_monarchy","No"
"Trinidad and Tobagoo","http://dbpedia.org/resource/Trinidad_and_Tobago","5,128","$21,200","$19,590.99","1,227,505","parliamentary democracy","http://dbpedia.org/resource/Representative_democracy","No"
"Turkeyy","http://dbpedia.org/resource/Turkey","770,76","$729,100","$9,322.83","78,785,548","republican parliamentary democracy","http://dbpedia.org/resource/Representative_democracy","Yes"
"United Kingdomm","http://dbpedia.org/resource/United_Kingdom","241,59","$2,259,000","$45,626.38","62,698,362","constitutional monarchy and Commonwealth realm","http://dbpedia.org/resource/Constitutional_monarchy","No (except Bermuda Regiment[105])"
"United Statess","http://dbpedia.org/resource/United_States","9,161,923","$14,620,000","$45,958.70","313,232,044","federal republic","http://dbpedia.org/resource/Federal_republic","No[106] Draft abolished in 1975 by President Gerald Ford; however Males between 18-25 need to register with the U.S. Selective Service System."
"Vanuatu","http://dbpedia.org/resource/Vanuatu","12,2","$721","$2,146.52","224,564","parliamentary republic","http://dbpedia.org/resource/Parliamentary_republic","No"
"Venezuelaa","http://dbpedia.org/resource/Venezuela","882,05","$285,200","$9,084.09","27,635,743","federal republic","http://dbpedia.org/resource/Federal_republic","Yes[107][108]"
